OTU_ID,Domain,Phylum,Class,Order,Family,Genus,Species,Label
BOTU_1,Bacteria,Proteobacteria,Alphaproteobacteria,Rickettsiales,Mitochondria,Mitochondria,unidentified,BOTU_1_Mitochondria
BOTU_10,Bacteria,Firmicutes,Bacilli,Lactobacillales,Lactobacillaceae,Lactobacillus,unidentified,BOTU_10_Lactobacillus
BOTU_5,Bacteria,Proteobacteria,Gammaproteobacteria,Pasteurellales,Pasteurellaceae,Pasteurella,Pasteurella_multocida,BOTU_5_Pasteurella_multocida
BOTU_20,Bacteria,Proteobacteria,Gammaproteobacteria,Enterobacterales,Morganellaceae,Buchnera,unidentified,BOTU_20_Buchnera
BOTU_15,Bacteria,Proteobacteria,Alphaproteobacteria,Rhizobiales,Beijerinckiaceae,Methylobacterium-Methylorubrum,unidentified,BOTU_15_Methylobacterium-Methylorubrum
BOTU_7,Bacteria,Proteobacteria,Alphaproteobacteria,Rhizobiales,Beijerinckiaceae,Methylobacterium-Methylorubrum,Methylobacterium_haplocladii,BOTU_7_Methylobacterium_haplocladii
BOTU_18,Bacteria,Proteobacteria,Alphaproteobacteria,Sphingomonadales,Sphingomonadaceae,Sphingomonas,unidentified,BOTU_18_Sphingomonas
BOTU_4,Bacteria,Proteobacteria,Alphaproteobacteria,Sphingomonadales,Sphingomonadaceae,Sphingomonas,uncultured_bacterium,BOTU_4_uncultured_bacterium
BOTU_16,Bacteria,Proteobacteria,Gammaproteobacteria,Pseudomonadales,Pseudomonadaceae,Pseudomonas,unidentified,BOTU_16_Pseudomonas
BOTU_9,Bacteria,Firmicutes,Bacilli,Staphylococcales,Staphylococcaceae,Staphylococcus,unidentified,BOTU_9_Staphylococcus
BOTU_2,Bacteria,Proteobacteria,Alphaproteobacteria,Sphingomonadales,Sphingomonadaceae,Sphingomonas,uncultured_bacterium,BOTU_2_uncultured_bacterium
BOTU_19,Bacteria,Proteobacteria,Alphaproteobacteria,Rhizobiales,Rhizobiaceae,Aureimonas,Aurantimonas_sp.,BOTU_19_Aurantimonas_sp.
BOTU_11,Bacteria,Proteobacteria,Alphaproteobacteria,Rhizobiales,Rhizobiaceae,Aureimonas,uncultured_bacterium,BOTU_11_uncultured_bacterium
BOTU_17,Bacteria,Proteobacteria,Gammaproteobacteria,Enterobacterales,Enterobacteriaceae,unidentified,unidentified,BOTU_17_Enterobacteriaceae
BOTU_6,Bacteria,Proteobacteria,Alphaproteobacteria,Sphingomonadales,Sphingomonadaceae,unidentified,unidentified,BOTU_6_Sphingomonadaceae
BOTU_3,Bacteria,Proteobacteria,Gammaproteobacteria,Pseudomonadales,Pseudomonadaceae,Pseudomonas,unidentified,BOTU_3_Pseudomonas
BOTU_8,Bacteria,Firmicutes,Bacilli,Bacillales,Bacillaceae,Bacillus,unidentified,BOTU_8_Bacillus
BOTU_12,Bacteria,Proteobacteria,Gammaproteobacteria,Enterobacterales,Enterobacteriaceae,Escherichia-Shigella,unidentified,BOTU_12_Escherichia-Shigella
BOTU_13,Bacteria,Firmicutes,Bacilli,Lactobacillales,Listeriaceae,Listeria,Listeria_monocytogenes,BOTU_13_Listeria_monocytogenes
BOTU_14,Bacteria,Firmicutes,Bacilli,Lactobacillales,Enterococcaceae,Enterococcus,unidentified,BOTU_14_Enterococcus
BOTU_21,Bacteria,Proteobacteria,Alphaproteobacteria,Acetobacterales,Acetobacteraceae,Roseomonas,Roseomonas_sp.,BOTU_21_Roseomonas_sp.
BOTU_25,Bacteria,Bacteroidota,Bacteroidia,Flavobacteriales,Blattabacteriaceae,Candidatus_Uzinura,unidentified,BOTU_25_Candidatus_Uzinura
BOTU_29,unidentified,unidentified,unidentified,unidentified,unidentified,unidentified,unidentified,BOTU_29_unidentified
BOTU_24,Bacteria,Cyanobacteria,Cyanobacteriia,Chloroplast,Chloroplast,Chloroplast,unidentified,BOTU_24_Chloroplast
BOTU_37,unidentified,unidentified,unidentified,unidentified,unidentified,unidentified,unidentified,BOTU_37_unidentified
BOTU_35,Bacteria,Firmicutes,Bacilli,Mycoplasmatales,Mycoplasmataceae,Mycoplasma,Mycoplasma_wenyonii,BOTU_35_Mycoplasma_wenyonii
BOTU_31,Bacteria,Proteobacteria,Gammaproteobacteria,Diplorickettsiales,Diplorickettsiaceae,Rickettsiella,Candidatus_Rickettsiella,BOTU_31_Candidatus_Rickettsiella
BOTU_23,Bacteria,Proteobacteria,Gammaproteobacteria,Pseudomonadales,Moraxellaceae,Acinetobacter,unidentified,BOTU_23_Acinetobacter
BOTU_36,Bacteria,Bacteroidota,Bacteroidia,Cytophagales,Hymenobacteraceae,Hymenobacter,uncultured_bacterium,BOTU_36_uncultured_bacterium
BOTU_22,Bacteria,Proteobacteria,Alphaproteobacteria,Sphingomonadales,Sphingomonadaceae,Sphingomonas,Sphingomonas_phyllosphaerae,BOTU_22_Sphingomonas_phyllosphaerae
BOTU_26,Bacteria,Proteobacteria,Gammaproteobacteria,Burkholderiales,Burkholderiaceae,Burkholderia-Caballeronia-Paraburkholderia,unidentified,BOTU_26_Burkholderia-Caballeronia-Paraburkholderia
BOTU_33,Bacteria,Proteobacteria,Alphaproteobacteria,Rhizobiales,Beijerinckiaceae,Methylobacterium-Methylorubrum,Methylobacterium_komagatae,BOTU_33_Methylobacterium_komagatae
BOTU_34,Bacteria,Myxococcota,Myxococcia,Myxococcales,Myxococcaceae,P3OB-42,uncultured_bacterium,BOTU_34_uncultured_bacterium
BOTU_27,Bacteria,Proteobacteria,Gammaproteobacteria,Pseudomonadales,Pseudomonadaceae,Pseudomonas,Pseudomonas_sp.,BOTU_27_Pseudomonas_sp.
BOTU_30,Bacteria,Proteobacteria,Alphaproteobacteria,Sphingomonadales,Sphingomonadaceae,Sphingomonas,Sphingomonas_sp.,BOTU_30_Sphingomonas_sp.
BOTU_28,Bacteria,Firmicutes,Bacilli,Bacillales,Planococcaceae,Kurthia,Kurthia_sp.,BOTU_28_Kurthia_sp.
BOTU_41,Bacteria,Proteobacteria,Alphaproteobacteria,Rhizobiales,Beijerinckiaceae,Methylobacterium-Methylorubrum,Methylobacterium_sp.,BOTU_41_Methylobacterium_sp.
BOTU_42,Bacteria,Bacteroidota,Bacteroidia,Cytophagales,Hymenobacteraceae,Hymenobacter,uncultured_bacterium,BOTU_42_uncultured_bacterium
BOTU_32,Bacteria,Proteobacteria,Gammaproteobacteria,Pseudomonadales,Pseudomonadaceae,Pseudomonas,unidentified,BOTU_32_Pseudomonas
BOTU_44,Bacteria,Proteobacteria,Gammaproteobacteria,Burkholderiales,Neisseriaceae,uncultured,uncultured_bacterium,BOTU_44_uncultured_bacterium
BOTU_38,Bacteria,Proteobacteria,Alphaproteobacteria,Sphingomonadales,Sphingomonadaceae,unidentified,unidentified,BOTU_38_Sphingomonadaceae
BOTU_39,Bacteria,Proteobacteria,Gammaproteobacteria,Burkholderiales,Comamonadaceae,Delftia,unidentified,BOTU_39_Delftia
BOTU_43,Bacteria,Proteobacteria,Gammaproteobacteria,Xanthomonadales,Xanthomonadaceae,Xanthomonas,Xanthomonas_sp.,BOTU_43_Xanthomonas_sp.
BOTU_40,Bacteria,Firmicutes,Bacilli,Staphylococcales,Staphylococcaceae,Macrococcus,Macrococcus_caseolyticus,BOTU_40_Macrococcus_caseolyticus
BOTU_45,Bacteria,Proteobacteria,Alphaproteobacteria,unidentified,unidentified,unidentified,unidentified,BOTU_45_Alphaproteobacteria
BOTU_56,unidentified,unidentified,unidentified,unidentified,unidentified,unidentified,unidentified,BOTU_56_unidentified
BOTU_46,Bacteria,Proteobacteria,Gammaproteobacteria,Xanthomonadales,Xanthomonadaceae,Vulcaniibacterium,uncultured_bacterium,BOTU_46_uncultured_bacterium
BOTU_50,Bacteria,Proteobacteria,Alphaproteobacteria,Rhizobiales,Beijerinckiaceae,Methylobacterium-Methylorubrum,unidentified,BOTU_50_Methylobacterium-Methylorubrum
BOTU_51,Bacteria,Firmicutes,Bacilli,Lactobacillales,Leuconostocaceae,Leuconostoc,Leuconostoc_mesenteroides,BOTU_51_Leuconostoc_mesenteroides
BOTU_47,Bacteria,Proteobacteria,Alphaproteobacteria,Sphingomonadales,Sphingomonadaceae,Sphingobium,unidentified,BOTU_47_Sphingobium
BOTU_48,Bacteria,Proteobacteria,Gammaproteobacteria,Pseudomonadales,Pseudomonadaceae,Pseudomonas,Pseudomonas_psychrotolerans,BOTU_48_Pseudomonas_psychrotolerans
BOTU_49,Bacteria,Proteobacteria,Gammaproteobacteria,Oceanospirillales,Halomonadaceae,Halomonas,unidentified,BOTU_49_Halomonas
BOTU_55,Bacteria,Bacteroidota,Bacteroidia,Flavobacteriales,Weeksellaceae,Cloacibacterium,unidentified,BOTU_55_Cloacibacterium
BOTU_52,Bacteria,Proteobacteria,Alphaproteobacteria,Rhizobiales,Xanthobacteraceae,Bradyrhizobium,unidentified,BOTU_52_Bradyrhizobium
BOTU_54,Bacteria,Actinobacteriota,Actinobacteria,Corynebacteriales,Corynebacteriaceae,Corynebacterium,unidentified,BOTU_54_Corynebacterium
BOTU_60,Bacteria,Proteobacteria,Alphaproteobacteria,Acetobacterales,Acetobacteraceae,Roseomonas,unidentified,BOTU_60_Roseomonas
BOTU_62,Bacteria,Proteobacteria,Gammaproteobacteria,Pseudomonadales,Moraxellaceae,unidentified,unidentified,BOTU_62_Moraxellaceae
BOTU_53,Bacteria,Firmicutes,Bacilli,Bacillales,Bacillaceae,Bacillus,unidentified,BOTU_53_Bacillus
BOTU_57,Bacteria,Proteobacteria,Gammaproteobacteria,Vibrionales,Vibrionaceae,Vibrio,unidentified,BOTU_57_Vibrio
BOTU_58,Bacteria,Proteobacteria,Gammaproteobacteria,Burkholderiales,Oxalobacteraceae,Massilia,unidentified,BOTU_58_Massilia
BOTU_59,Bacteria,Proteobacteria,Gammaproteobacteria,Aeromonadales,Aeromonadaceae,Aeromonas,unidentified,BOTU_59_Aeromonas
BOTU_63,Bacteria,Proteobacteria,Alphaproteobacteria,Rhizobiales,Rhizobiaceae,Allorhizobium-Neorhizobium-Pararhizobium-Rhizobium,unidentified,BOTU_63_Allorhizobium-Neorhizobium-Pararhizobium-Rhizobium
BOTU_64,Bacteria,Proteobacteria,Gammaproteobacteria,Burkholderiales,Comamonadaceae,unidentified,unidentified,BOTU_64_Comamonadaceae
BOTU_71,Bacteria,Bacteroidota,Bacteroidia,Bacteroidales,Prevotellaceae,Prevotella,unidentified,BOTU_71_Prevotella
BOTU_73,Bacteria,Chloroflexi,Chloroflexia,Chloroflexales,Roseiflexaceae,uncultured,uncultured_bacterium,BOTU_73_uncultured_bacterium
BOTU_66,Bacteria,Firmicutes,Bacilli,Lactobacillales,Streptococcaceae,Streptococcus,unidentified,BOTU_66_Streptococcus
BOTU_65,Bacteria,Proteobacteria,Gammaproteobacteria,Burkholderiales,Rhodocyclaceae,Azoarcus,unidentified,BOTU_65_Azoarcus
BOTU_61,Bacteria,Firmicutes,Bacilli,Bacillales,Bacillaceae,Geobacillus,unidentified,BOTU_61_Geobacillus
BOTU_68,Bacteria,Myxococcota,Myxococcia,Myxococcales,Anaeromyxobacteraceae,Anaeromyxobacter,uncultured_bacterium,BOTU_68_uncultured_bacterium
BOTU_72,Bacteria,Bdellovibrionota,Oligoflexia,0319-6G20,0319-6G20,0319-6G20,unidentified,BOTU_72_0319-6G20
BOTU_79,unidentified,unidentified,unidentified,unidentified,unidentified,unidentified,unidentified,BOTU_79_unidentified
BOTU_67,Bacteria,Proteobacteria,Gammaproteobacteria,Enterobacterales,Yersiniaceae,unidentified,unidentified,BOTU_67_Yersiniaceae
BOTU_82,Bacteria,Firmicutes,Bacilli,Mycoplasmatales,Mycoplasmataceae,Mycoplasma,Candidatus_Mycoplasma,BOTU_82_Candidatus_Mycoplasma
BOTU_69,Bacteria,Proteobacteria,Alphaproteobacteria,Sphingomonadales,Sphingomonadaceae,Sphingomonas,uncultured_bacterium,BOTU_69_uncultured_bacterium
BOTU_70,Bacteria,Proteobacteria,Alphaproteobacteria,Sphingomonadales,Sphingomonadaceae,uncultured_bacterium,unidentified,BOTU_70_uncultured_bacterium
BOTU_87,Archaea,Crenarchaeota,Nitrososphaeria,Nitrososphaerales,Nitrososphaeraceae,Candidatus_Nitrocosmicus,unidentified,BOTU_87_Candidatus_Nitrocosmicus
BOTU_76,Bacteria,Firmicutes,Bacilli,Lactobacillales,Streptococcaceae,Lactococcus,unidentified,BOTU_76_Lactococcus
BOTU_75,Bacteria,Proteobacteria,Gammaproteobacteria,Burkholderiales,Comamonadaceae,Schlegelella,unidentified,BOTU_75_Schlegelella
BOTU_77,Bacteria,Actinobacteriota,Actinobacteria,Micrococcales,Microbacteriaceae,Schumannella,Schumannella_sp.,BOTU_77_Schumannella_sp.
BOTU_74,Bacteria,Proteobacteria,Alphaproteobacteria,unidentified,unidentified,unidentified,unidentified,BOTU_74_Alphaproteobacteria
BOTU_78,Bacteria,Actinobacteriota,Actinobacteria,Kineosporiales,Kineosporiaceae,Kineococcus,unidentified,BOTU_78_Kineococcus
BOTU_84,Bacteria,Firmicutes,Bacilli,Lactobacillales,Leuconostocaceae,Weissella,Weissella_ceti,BOTU_84_Weissella_ceti
BOTU_90,Bacteria,Firmicutes,Clostridia,Peptostreptococcales-Tissierellales,Peptostreptococcales-Tissierellales,Peptoniphilus,unidentified,BOTU_90_Peptoniphilus
BOTU_80,Bacteria,Actinobacteriota,Actinobacteria,Micrococcales,Micrococcaceae,Micrococcus,unidentified,BOTU_80_Micrococcus
BOTU_81,Bacteria,Actinobacteriota,Actinobacteria,Pseudonocardiales,Pseudonocardiaceae,Actinomycetospora,Actinomycetospora_corticicola,BOTU_81_Actinomycetospora_corticicola
BOTU_96,Bacteria,Entotheonellaeota,Entotheonellia,Entotheonellales,Entotheonellaceae,Entotheonellaceae,uncultured_bacterium,BOTU_96_uncultured_bacterium
BOTU_83,Bacteria,Proteobacteria,Gammaproteobacteria,Enterobacterales,Pectobacteriaceae,Pectobacterium,bacterium_endosymbiont,BOTU_83_bacterium_endosymbiont
BOTU_85,Bacteria,Proteobacteria,Alphaproteobacteria,Sphingomonadales,Sphingomonadaceae,Sphingomonas,Sphingomonas_jejuensis,BOTU_85_Sphingomonas_jejuensis
BOTU_86,Bacteria,Proteobacteria,Alphaproteobacteria,Sphingomonadales,Sphingomonadaceae,unidentified,unidentified,BOTU_86_Sphingomonadaceae
BOTU_99,Archaea,Halobacterota,Halobacteria,Halobacterales,Halomicrobiaceae,Natronomonas,uncultured_archaeon,BOTU_99_uncultured_archaeon
BOTU_88,Bacteria,Actinobacteriota,Actinobacteria,Frankiales,Acidothermaceae,Acidothermus,uncultured_bacterium,BOTU_88_uncultured_bacterium
BOTU_92,Bacteria,Proteobacteria,Alphaproteobacteria,Rhizobiales,Beijerinckiaceae,Methylobacterium-Methylorubrum,unidentified,BOTU_92_Methylobacterium-Methylorubrum
BOTU_89,Bacteria,Proteobacteria,Gammaproteobacteria,Burkholderiales,Chromobacteriaceae,Chromobacterium,unidentified,BOTU_89_Chromobacterium
BOTU_102,Archaea,Crenarchaeota,Nitrososphaeria,Nitrososphaerales,Nitrososphaeraceae,Nitrososphaeraceae,unidentified,BOTU_102_Nitrososphaeraceae
BOTU_94,Bacteria,Proteobacteria,Gammaproteobacteria,Legionellales,Legionellaceae,Legionella,unidentified,BOTU_94_Legionella
BOTU_91,Bacteria,Proteobacteria,Gammaproteobacteria,Enterobacterales,Erwiniaceae,unidentified,unidentified,BOTU_91_Erwiniaceae
BOTU_93,Bacteria,Actinobacteriota,Actinobacteria,Frankiales,Geodermatophilaceae,Klenkia,Klenkia_brasiliensis,BOTU_93_Klenkia_brasiliensis
BOTU_103,Bacteria,Campilobacterota,Campylobacteria,Campylobacterales,Sulfurospirillaceae,Sulfurospirillum,uncultured_bacterium,BOTU_103_uncultured_bacterium
BOTU_97,Bacteria,Proteobacteria,Alphaproteobacteria,Acetobacterales,Acetobacteraceae,Asaia,Asaia_bogorensis,BOTU_97_Asaia_bogorensis
BOTU_100,Bacteria,uncultured_bacterium,unidentified,unidentified,unidentified,unidentified,unidentified,BOTU_100_uncultured_bacterium
BOTU_95,Bacteria,Proteobacteria,Alphaproteobacteria,Rhizobiales,unidentified,unidentified,unidentified,BOTU_95_Rhizobiales
BOTU_98,Bacteria,Proteobacteria,Alphaproteobacteria,unidentified,unidentified,unidentified,unidentified,BOTU_98_Alphaproteobacteria
BOTU_104,Bacteria,Actinobacteriota,Thermoleophilia,Solirubrobacterales,Solirubrobacteraceae,Solirubrobacter,unidentified,BOTU_104_Solirubrobacter
BOTU_105,Bacteria,Proteobacteria,Alphaproteobacteria,Acetobacterales,Acetobacteraceae,Belnapia,unidentified,BOTU_105_Belnapia
BOTU_101,Bacteria,Actinobacteriota,Actinobacteria,Micrococcales,Micrococcaceae,Kocuria,unidentified,BOTU_101_Kocuria
BOTU_115,Bacteria,Verrucomicrobiota,Kiritimatiellae,WCHB1-41,WCHB1-41,WCHB1-41,unidentified_rumen,BOTU_115_unidentified_rumen
BOTU_111,Bacteria,Nitrospirota,Nitrospiria,Nitrospirales,Nitrospiraceae,Nitrospira,uncultured_bacterium,BOTU_111_uncultured_bacterium
BOTU_106,Bacteria,Proteobacteria,Alphaproteobacteria,Rhizobiales,Beijerinckiaceae,Methylobacterium-Methylorubrum,uncultured_bacterium,BOTU_106_uncultured_bacterium
BOTU_113,Bacteria,Bacteroidota,Bacteroidia,Chitinophagales,Chitinophagaceae,Aurantisolimonas,uncultured_bacterium,BOTU_113_uncultured_bacterium
BOTU_108,Bacteria,Myxococcota,Myxococcia,Myxococcales,Myxococcaceae,P3OB-42,uncultured_bacterium,BOTU_108_uncultured_bacterium
BOTU_109,Bacteria,Actinobacteriota,Thermoleophilia,Gaiellales,uncultured,uncultured,uncultured_bacterium,BOTU_109_uncultured_bacterium
BOTU_110,Bacteria,Myxococcota,Polyangia,Polyangiales,Polyangiaceae,unidentified,unidentified,BOTU_110_Polyangiaceae
BOTU_112,Bacteria,Proteobacteria,Alphaproteobacteria,Rickettsiales,Anaplasmataceae,uncultured,uncultured_Anaplasmataceae,BOTU_112_uncultured_Anaplasmataceae
BOTU_114,Bacteria,Proteobacteria,Alphaproteobacteria,Acetobacterales,Acetobacteraceae,uncultured_bacterium,unidentified,BOTU_114_uncultured_bacterium
BOTU_118,Bacteria,Bdellovibrionota,Bdellovibrionia,Bacteriovoracales,Bacteriovoracaceae,Peredibacter,unidentified,BOTU_118_Peredibacter
BOTU_107,Bacteria,Actinobacteriota,Actinobacteria,Corynebacteriales,Corynebacteriaceae,Corynebacterium,Corynebacterium_doosanense,BOTU_107_Corynebacterium_doosanense
BOTU_121,Bacteria,Chloroflexi,Ktedonobacteria,Ktedonobacterales,Ktedonobacteraceae,uncultured,uncultured_bacterium,BOTU_121_uncultured_bacterium
BOTU_116,Bacteria,Bacteroidota,Bacteroidia,Flavobacteriales,Flavobacteriaceae,Flavobacterium,unidentified,BOTU_116_Flavobacterium
BOTU_122,Bacteria,Acidobacteriota,Blastocatellia,Blastocatellales,Blastocatellaceae,Blastocatella,uncultured_bacterium,BOTU_122_uncultured_bacterium
BOTU_119,Bacteria,Firmicutes,Bacilli,Lactobacillales,Aerococcaceae,Aerococcus,unidentified,BOTU_119_Aerococcus
BOTU_117,Bacteria,Proteobacteria,Gammaproteobacteria,Burkholderiales,Burkholderiaceae,Cupriavidus,unidentified,BOTU_117_Cupriavidus
BOTU_130,Bacteria,Chloroflexi,Chloroflexia,Chloroflexales,Roseiflexaceae,uncultured,uncultured_bacterium,BOTU_130_uncultured_bacterium
BOTU_135,unidentified,unidentified,unidentified,unidentified,unidentified,unidentified,unidentified,BOTU_135_unidentified
BOTU_129,Bacteria,Armatimonadota,Armatimonadia,Armatimonadales,Armatimonadales,Armatimonadales,uncultured_bacterium,BOTU_129_uncultured_bacterium
BOTU_120,Bacteria,Actinobacteriota,Actinobacteria,Pseudonocardiales,Pseudonocardiaceae,Pseudonocardia,unidentified,BOTU_120_Pseudonocardia
BOTU_138,Archaea,Crenarchaeota,Nitrososphaeria,Nitrososphaerales,Nitrososphaeraceae,Nitrososphaeraceae,uncultured_crenarchaeote,BOTU_138_uncultured_crenarchaeote
BOTU_132,Bacteria,Myxococcota,Polyangia,Polyangiales,Polyangiaceae,Pajaroellobacter,uncultured_bacterium,BOTU_132_uncultured_bacterium
BOTU_124,Bacteria,Proteobacteria,Alphaproteobacteria,Sphingomonadales,Sphingomonadaceae,Novosphingobium,uncultured_bacterium,BOTU_124_uncultured_bacterium
BOTU_123,Bacteria,Firmicutes,Bacilli,Bacillales,Bacillaceae,Virgibacillus,Virgibacillus_phasianinus,BOTU_123_Virgibacillus_phasianinus
BOTU_126,Bacteria,Proteobacteria,Alphaproteobacteria,Caulobacterales,Caulobacteraceae,Brevundimonas,unidentified,BOTU_126_Brevundimonas
BOTU_125,Bacteria,Proteobacteria,Alphaproteobacteria,Rhizobiales,Rhizobiaceae,Allorhizobium-Neorhizobium-Pararhizobium-Rhizobium,Rhizobium_sp.,BOTU_125_Rhizobium_sp.
BOTU_133,Bacteria,Proteobacteria,Gammaproteobacteria,Pseudomonadales,Moraxellaceae,Acinetobacter,unidentified,BOTU_133_Acinetobacter
BOTU_127,Bacteria,Actinobacteriota,Actinobacteria,Kineosporiales,Kineosporiaceae,Pseudokineococcus,unidentified,BOTU_127_Pseudokineococcus
BOTU_134,Bacteria,Firmicutes,Bacilli,Lactobacillales,Streptococcaceae,Streptococcus,unidentified,BOTU_134_Streptococcus
BOTU_141,Bacteria,Bacteroidota,Bacteroidia,Cytophagales,Spirosomaceae,Spirosoma,unidentified,BOTU_141_Spirosoma
BOTU_137,Bacteria,Firmicutes,Bacilli,Lactobacillales,Lactobacillaceae,Lactobacillus,Lactobacillus_iners,BOTU_137_Lactobacillus_iners
BOTU_128,Bacteria,Actinobacteriota,Actinobacteria,Frankiales,Frankiaceae,Jatrophihabitans,unidentified,BOTU_128_Jatrophihabitans
BOTU_136,Bacteria,Actinobacteriota,Actinobacteria,Micrococcales,Micrococcaceae,unidentified,unidentified,BOTU_136_Micrococcaceae
BOTU_131,Bacteria,Firmicutes,Bacilli,Lactobacillales,Listeriaceae,Brochothrix,Brochothrix_thermosphacta,BOTU_131_Brochothrix_thermosphacta
BOTU_140,Bacteria,Acidobacteriota,Vicinamibacteria,Vicinamibacterales,uncultured,uncultured,unidentified,BOTU_140_uncultured
BOTU_139,Bacteria,Proteobacteria,Alphaproteobacteria,Acetobacterales,Acetobacteraceae,unidentified,unidentified,BOTU_139_Acetobacteraceae
BOTU_151,unidentified,unidentified,unidentified,unidentified,unidentified,unidentified,unidentified,BOTU_151_unidentified
BOTU_146,Bacteria,Bacteroidota,Bacteroidia,Cytophagales,Hymenobacteraceae,Hymenobacter,unidentified,BOTU_146_Hymenobacter
BOTU_147,Bacteria,Bacteroidota,Bacteroidia,Cytophagales,Spirosomaceae,Spirosoma,unidentified,BOTU_147_Spirosoma
BOTU_142,Bacteria,Proteobacteria,Alphaproteobacteria,Tistrellales,Geminicoccaceae,Candidatus_Alysiosphaera,uncultured_bacterium,BOTU_142_uncultured_bacterium
BOTU_144,Bacteria,Proteobacteria,unidentified,unidentified,unidentified,unidentified,unidentified,BOTU_144_Proteobacteria
BOTU_149,Bacteria,Firmicutes,Clostridia,Peptostreptococcales-Tissierellales,Peptostreptococcales-Tissierellales,Anaerococcus,uncultured_bacterium,BOTU_149_uncultured_bacterium
BOTU_143,Bacteria,Proteobacteria,Gammaproteobacteria,Steroidobacterales,Steroidobacteraceae,Steroidobacter,uncultured_bacterium,BOTU_143_uncultured_bacterium
BOTU_148,Bacteria,Proteobacteria,Gammaproteobacteria,Orbales,Orbaceae,Orbus,Orbus_sasakiae,BOTU_148_Orbus_sasakiae
BOTU_158,Bacteria,Proteobacteria,Alphaproteobacteria,Rickettsiales,Anaplasmataceae,Wolbachia,Wolbachia_endosymbiont,BOTU_158_Wolbachia_endosymbiont
BOTU_145,Bacteria,Proteobacteria,Gammaproteobacteria,Alteromonadales,Alteromonadaceae,Alishewanella,Alishewanella_aestuarii,BOTU_145_Alishewanella_aestuarii
BOTU_156,Bacteria,Bacteroidota,Bacteroidia,Sphingobacteriales,Sphingobacteriaceae,Mucilaginibacter,uncultured_bacterium,BOTU_156_uncultured_bacterium
BOTU_152,Bacteria,Firmicutes,Limnochordia,Limnochordales,Limnochordaceae,Limnochordaceae,unidentified,BOTU_152_Limnochordaceae
BOTU_166,Archaea,Crenarchaeota,Nitrososphaeria,Nitrososphaerales,Nitrososphaeraceae,Nitrososphaeraceae,unidentified,BOTU_166_Nitrososphaeraceae
BOTU_161,Bacteria,Firmicutes,Bacilli,Entomoplasmatales,Spiroplasmataceae,Spiroplasma,unidentified,BOTU_161_Spiroplasma
BOTU_157,Bacteria,Actinobacteriota,Actinobacteria,Micrococcales,Dermabacteraceae,Dermabacter,uncultured_bacterium,BOTU_157_uncultured_bacterium
BOTU_155,Bacteria,Actinobacteriota,Actinobacteria,Corynebacteriales,Corynebacteriaceae,Turicella,Turicella_otitidis,BOTU_155_Turicella_otitidis
BOTU_150,Bacteria,Proteobacteria,Alphaproteobacteria,Sphingomonadales,Sphingomonadaceae,Sphingomonas,unidentified,BOTU_150_Sphingomonas
BOTU_153,Bacteria,Actinobacteriota,Actinobacteria,Micrococcales,Intrasporangiaceae,Oryzihumus,Oryzihumus_leptocrescens,BOTU_153_Oryzihumus_leptocrescens
BOTU_159,Bacteria,Actinobacteriota,Thermoleophilia,Solirubrobacterales,Solirubrobacteraceae,Conexibacter,unidentified,BOTU_159_Conexibacter
BOTU_163,Bacteria,Chloroflexi,TK10,TK10,TK10,TK10,uncultured_bacterium,BOTU_163_uncultured_bacterium
BOTU_154,Bacteria,Proteobacteria,Alphaproteobacteria,Rhizobiales,Rhizobiaceae,uncultured_bacterium,unidentified,BOTU_154_uncultured_bacterium
BOTU_162,Bacteria,Proteobacteria,Gammaproteobacteria,Salinisphaerales,Solimonadaceae,Solimonas,unidentified,BOTU_162_Solimonas
BOTU_167,Bacteria,Actinobacteriota,Acidimicrobiia,IMCC26256,IMCC26256,IMCC26256,unidentified,BOTU_167_IMCC26256
BOTU_160,Bacteria,Proteobacteria,Alphaproteobacteria,Rhizobiales,Rhizobiaceae,unidentified,unidentified,BOTU_160_Rhizobiaceae
BOTU_175,Archaea,Halobacterota,Halobacteria,Halobacterales,Halomicrobiaceae,Halosimplex,uncultured_euryarchaeote,BOTU_175_uncultured_euryarchaeote
BOTU_164,Bacteria,Proteobacteria,Gammaproteobacteria,Enterobacterales,unidentified,unidentified,unidentified,BOTU_164_Enterobacterales
BOTU_165,Bacteria,Actinobacteriota,Actinobacteria,Corynebacteriales,Nocardiaceae,Rhodococcus,unidentified,BOTU_165_Rhodococcus
BOTU_168,Bacteria,Firmicutes,Clostridia,Oscillospirales,[Eubacterium]_coprostanoligenes_group,[Eubacterium]_coprostanoligenes_group,uncultured_bacterium,BOTU_168_uncultured_bacterium
BOTU_172,Bacteria,Bacteroidota,Bacteroidia,Cytophagales,Hymenobacteraceae,Hymenobacter,uncultured_bacterium,BOTU_172_uncultured_bacterium
BOTU_182,Bacteria,Planctomycetota,Planctomycetes,Isosphaerales,Isosphaeraceae,Tundrisphaera,uncultured_bacterium,BOTU_182_uncultured_bacterium
BOTU_186,unidentified,unidentified,unidentified,unidentified,unidentified,unidentified,unidentified,BOTU_186_unidentified
BOTU_170,Bacteria,Actinobacteriota,Actinobacteria,Micromonosporales,Micromonosporaceae,Micromonospora,unidentified,BOTU_170_Micromonospora
BOTU_174,Bacteria,Acidobacteriota,Vicinamibacteria,Vicinamibacterales,Vicinamibacteraceae,Vicinamibacter,uncultured_bacterium,BOTU_174_uncultured_bacterium
BOTU_171,Bacteria,Actinobacteriota,Actinobacteria,Corynebacteriales,Corynebacteriaceae,Corynebacterium,unidentified,BOTU_171_Corynebacterium
BOTU_169,Bacteria,Proteobacteria,Alphaproteobacteria,Rhizobiales,Stappiaceae,Pannonibacter,Pannonibacter_phragmitetus,BOTU_169_Pannonibacter_phragmitetus
BOTU_181,Bacteria,Cyanobacteria,Cyanobacteriia,Cyanobacteriales,Chroococcidiopsaceae,uncultured,uncultured_bacterium,BOTU_181_uncultured_bacterium
BOTU_176,Bacteria,Actinobacteriota,Thermoleophilia,Gaiellales,Gaiellaceae,Gaiella,unidentified,BOTU_176_Gaiella
BOTU_185,Bacteria,Bacteroidota,Bacteroidia,Cytophagales,Spirosomaceae,Fibrella,uncultured_bacterium,BOTU_185_uncultured_bacterium
BOTU_180,Bacteria,Bacteroidota,Bacteroidia,Sphingobacteriales,Sphingobacteriaceae,Mucilaginibacter,unidentified,BOTU_180_Mucilaginibacter
BOTU_178,Bacteria,Bacteroidota,Bacteroidia,Flavobacteriales,Weeksellaceae,Chryseobacterium,unidentified,BOTU_178_Chryseobacterium
BOTU_173,Bacteria,Actinobacteriota,Actinobacteria,Propionibacteriales,Nocardioidaceae,uncultured,uncultured_bacterium,BOTU_173_uncultured_bacterium
BOTU_177,Bacteria,Firmicutes,Bacilli,Paenibacillales,Paenibacillaceae,Paenibacillus,unidentified,BOTU_177_Paenibacillus
BOTU_187,Bacteria,Bacteroidota,Bacteroidia,Sphingobacteriales,Sphingobacteriaceae,Pedobacter,Sphingobacteriaceae_bacterium,BOTU_187_Sphingobacteriaceae_bacterium
BOTU_179,Bacteria,Proteobacteria,Gammaproteobacteria,Alteromonadales,Shewanellaceae,Shewanella,Shewanella_fodinae,BOTU_179_Shewanella_fodinae
BOTU_192,Bacteria,Cyanobacteria,Cyanobacteriia,Chloroplast,Chloroplast,Chloroplast,uncultured_eukaryote,BOTU_192_uncultured_eukaryote
BOTU_189,Bacteria,Gemmatimonadota,Gemmatimonadetes,Gemmatimonadales,Gemmatimonadaceae,Roseisolibacter,uncultured_bacterium,BOTU_189_uncultured_bacterium
BOTU_183,Bacteria,Firmicutes,Clostridia,Peptostreptococcales-Tissierellales,Peptostreptococcaceae,Intestinibacter,uncultured_bacterium,BOTU_183_uncultured_bacterium
BOTU_184,Bacteria,Actinobacteriota,Actinobacteria,Streptomycetales,Streptomycetaceae,Streptomyces,unidentified,BOTU_184_Streptomyces
BOTU_193,Bacteria,Bacteroidota,Bacteroidia,Flavobacteriales,Flavobacteriaceae,Myroides,unidentified,BOTU_193_Myroides
BOTU_188,Bacteria,Proteobacteria,Gammaproteobacteria,Burkholderiales,Alcaligenaceae,Alcaligenes,unidentified,BOTU_188_Alcaligenes
BOTU_202,Bacteria,Proteobacteria,Alphaproteobacteria,Rhodospirillales,uncultured,uncultured,unidentified,BOTU_202_uncultured
BOTU_190,Bacteria,Actinobacteriota,Actinobacteria,Corynebacteriales,Corynebacteriaceae,Corynebacterium,unidentified,BOTU_190_Corynebacterium
BOTU_191,Bacteria,Proteobacteria,Alphaproteobacteria,Rickettsiales,Rickettsiaceae,unidentified,unidentified,BOTU_191_Rickettsiaceae
BOTU_205,unidentified,unidentified,unidentified,unidentified,unidentified,unidentified,unidentified,BOTU_205_unidentified
BOTU_198,Bacteria,Acidobacteriota,Acidobacteriae,Acidobacteriales,uncultured,uncultured,unidentified,BOTU_198_uncultured
BOTU_195,Bacteria,Proteobacteria,Gammaproteobacteria,Xanthomonadales,Xanthomonadaceae,Stenotrophomonas,unidentified,BOTU_195_Stenotrophomonas
BOTU_197,Bacteria,Proteobacteria,Alphaproteobacteria,Elsterales,uncultured,uncultured,uncultured_bacterium,BOTU_197_uncultured_bacterium
BOTU_201,Bacteria,Proteobacteria,Alphaproteobacteria,Acetobacterales,Acetobacteraceae,Roseomonas,unidentified,BOTU_201_Roseomonas
BOTU_194,Bacteria,Proteobacteria,Alphaproteobacteria,Caulobacterales,Caulobacteraceae,unidentified,unidentified,BOTU_194_Caulobacteraceae
BOTU_196,Bacteria,Actinobacteriota,Actinobacteria,Micrococcales,Microbacteriaceae,Microterricola,Microterricola_viridarii,BOTU_196_Microterricola_viridarii
BOTU_200,Bacteria,Proteobacteria,Gammaproteobacteria,Pseudomonadales,Moraxellaceae,Acinetobacter,unidentified,BOTU_200_Acinetobacter
BOTU_206,Bacteria,Bacteroidota,Bacteroidia,Bacteroidales,Prevotellaceae,Prevotella,unidentified,BOTU_206_Prevotella
BOTU_199,Bacteria,Proteobacteria,Gammaproteobacteria,Enterobacterales,unidentified,unidentified,unidentified,BOTU_199_Enterobacterales
BOTU_208,Bacteria,Actinobacteriota,Thermoleophilia,Solirubrobacterales,67-14,67-14,uncultured_bacterium,BOTU_208_uncultured_bacterium
BOTU_212,Bacteria,unidentified,unidentified,unidentified,unidentified,unidentified,unidentified,BOTU_212_Bacteria
BOTU_203,Bacteria,Actinobacteriota,Actinobacteria,Micrococcales,Brevibacteriaceae,Brevibacterium,unidentified,BOTU_203_Brevibacterium
BOTU_209,Bacteria,Gemmatimonadota,Gemmatimonadetes,Gemmatimonadales,Gemmatimonadaceae,Roseisolibacter,Gemmatirosa_kalamazoonesis,BOTU_209_Gemmatirosa_kalamazoonesis
BOTU_219,Bacteria,Proteobacteria,Alphaproteobacteria,Rickettsiales,Mitochondria,Mitochondria,unidentified,BOTU_219_Mitochondria
BOTU_204,Bacteria,Proteobacteria,Gammaproteobacteria,Burkholderiales,Alcaligenaceae,Verticiella,Achromobacter_xylosoxidans,BOTU_204_Achromobacter_xylosoxidans
BOTU_216,Bacteria,Chloroflexi,Ktedonobacteria,Ktedonobacterales,Ktedonobacteraceae,uncultured,uncultured_Ktedobacteria,BOTU_216_uncultured_Ktedobacteria
BOTU_213,Bacteria,Bacteroidota,Bacteroidia,Cytophagales,Hymenobacteraceae,Hymenobacter,Hymenobacter_sp.,BOTU_213_Hymenobacter_sp.
BOTU_210,Bacteria,Proteobacteria,Alphaproteobacteria,Rhizobiales,Beijerinckiaceae,uncultured,uncultured_bacterium,BOTU_210_uncultured_bacterium
BOTU_207,Bacteria,Firmicutes,Bacilli,Lactobacillales,Vagococcaceae,Vagococcus,uncultured_bacterium,BOTU_207_uncultured_bacterium
BOTU_222,Bacteria,Verrucomicrobiota,Chlamydiae,Chlamydiales,Simkaniaceae,Candidatus_Fritschea,Candidatus_Fritschea,BOTU_222_Candidatus_Fritschea
BOTU_220,Bacteria,Bacteroidota,Bacteroidia,Flavobacteriales,Weeksellaceae,Moheibacter,uncultured_bacterium,BOTU_220_uncultured_bacterium
BOTU_225,Bacteria,Proteobacteria,Alphaproteobacteria,Rickettsiales,Mitochondria,Mitochondria,Diplazium_pycnocarpon,BOTU_225_Diplazium_pycnocarpon
BOTU_223,Bacteria,Bdellovibrionota,Bdellovibrionia,Bdellovibrionales,Bdellovibrionaceae,Bdellovibrio,uncultured_bacterium,BOTU_223_uncultured_bacterium
BOTU_224,Bacteria,Bacteroidota,Bacteroidia,Cytophagales,Hymenobacteraceae,Hymenobacter,uncultured_bacterium,BOTU_224_uncultured_bacterium
BOTU_215,Bacteria,Actinobacteriota,Actinobacteria,Micrococcales,Microbacteriaceae,unidentified,unidentified,BOTU_215_Microbacteriaceae
BOTU_211,Bacteria,Actinobacteriota,Actinobacteria,Streptomycetales,Streptomycetaceae,Streptomyces,unidentified,BOTU_211_Streptomyces
BOTU_214,Bacteria,Proteobacteria,Gammaproteobacteria,Pseudomonadales,Pseudomonadaceae,Pseudomonas,unidentified,BOTU_214_Pseudomonas
BOTU_221,Bacteria,Actinobacteriota,Actinobacteria,Micromonosporales,Micromonosporaceae,Virgisporangium,unidentified,BOTU_221_Virgisporangium
BOTU_227,Bacteria,Bacteroidota,Bacteroidia,Cytophagales,Hymenobacteraceae,Hymenobacter,uncultured_bacterium,BOTU_227_uncultured_bacterium
BOTU_217,Bacteria,Firmicutes,Bacilli,Exiguobacterales,Exiguobacteraceae,Exiguobacterium,Exiguobacterium_sp.,BOTU_217_Exiguobacterium_sp.
BOTU_218,Bacteria,Proteobacteria,Alphaproteobacteria,Rhodobacterales,Rhodobacteraceae,unidentified,unidentified,BOTU_218_Rhodobacteraceae
BOTU_231,Bacteria,Armatimonadota,Armatimonadia,Armatimonadales,Armatimonadales,Armatimonadales,uncultured_bacterium,BOTU_231_uncultured_bacterium
BOTU_228,Bacteria,Firmicutes,Clostridia,Peptostreptococcales-Tissierellales,Peptostreptococcales-Tissierellales,Finegoldia,unidentified,BOTU_228_Finegoldia
BOTU_230,Bacteria,Bacteroidota,Bacteroidia,Chitinophagales,Chitinophagaceae,Terrimonas,uncultured_bacterium,BOTU_230_uncultured_bacterium
BOTU_235,Bacteria,Planctomycetota,Planctomycetes,Isosphaerales,Isosphaeraceae,uncultured_bacterium,unidentified,BOTU_235_uncultured_bacterium
BOTU_233,Bacteria,Verrucomicrobiota,Verrucomicrobiae,Chthoniobacterales,Chthoniobacteraceae,Candidatus_Udaeobacter,uncultured_bacterium,BOTU_233_uncultured_bacterium
BOTU_232,Bacteria,Bdellovibrionota,Oligoflexia,0319-6G20,0319-6G20,0319-6G20,uncultured_bacterium,BOTU_232_uncultured_bacterium
BOTU_229,Bacteria,Proteobacteria,Alphaproteobacteria,Caedibacterales,Caedibacteraceae,Caedibacter,uncultured_bacterium,BOTU_229_uncultured_bacterium
BOTU_226,Bacteria,Proteobacteria,Gammaproteobacteria,Burkholderiales,Comamonadaceae,unidentified,unidentified,BOTU_226_Comamonadaceae
BOTU_240,Bacteria,Bacteroidota,Bacteroidia,Cytophagales,Spirosomaceae,Spirosoma,unidentified,BOTU_240_Spirosoma
BOTU_237,Bacteria,Myxococcota,Polyangia,Polyangiales,Phaselicystidaceae,Phaselicystis,uncultured_bacterium,BOTU_237_uncultured_bacterium
BOTU_239,Bacteria,Bdellovibrionota,Bdellovibrionia,Bdellovibrionales,Bdellovibrionaceae,Bdellovibrio,uncultured_bacterium,BOTU_239_uncultured_bacterium
BOTU_234,Bacteria,Actinobacteriota,Actinobacteria,Corynebacteriales,Corynebacteriaceae,Lawsonella,unidentified,BOTU_234_Lawsonella
BOTU_236,Bacteria,Bacteroidota,Bacteroidia,Flavobacteriales,Flavobacteriaceae,Flavobacterium,unidentified,BOTU_236_Flavobacterium
BOTU_249,unidentified,unidentified,unidentified,unidentified,unidentified,unidentified,unidentified,BOTU_249_unidentified
BOTU_248,unidentified,unidentified,unidentified,unidentified,unidentified,unidentified,unidentified,BOTU_248_unidentified
BOTU_251,unidentified,unidentified,unidentified,unidentified,unidentified,unidentified,unidentified,BOTU_251_unidentified
BOTU_238,Bacteria,Actinobacteriota,Actinobacteria,Corynebacteriales,Corynebacteriaceae,Corynebacterium,Corynebacterium_maris,BOTU_238_Corynebacterium_maris
BOTU_244,Bacteria,Chloroflexi,Ktedonobacteria,Ktedonobacterales,Ktedonobacteraceae,Thermosporothrix,uncultured_bacterium,BOTU_244_uncultured_bacterium
BOTU_243,Bacteria,Bacteroidota,Bacteroidia,Cytophagales,Spirosomaceae,Spirosoma,uncultured_bacterium,BOTU_243_uncultured_bacterium
BOTU_245,Bacteria,Bacteroidota,Bacteroidia,Cytophagales,Spirosomaceae,Spirosoma,uncultured_bacterium,BOTU_245_uncultured_bacterium
BOTU_250,Bacteria,Verrucomicrobiota,Verrucomicrobiae,Chthoniobacterales,Chthoniobacteraceae,LD29,uncultured_bacterium,BOTU_250_uncultured_bacterium
BOTU_247,Bacteria,Acidobacteriota,Blastocatellia,Blastocatellales,Blastocatellaceae,Blastocatella,uncultured_Acidobacteria,BOTU_247_uncultured_Acidobacteria
BOTU_258,Bacteria,Cyanobacteria,Cyanobacteriia,Chloroplast,Chloroplast,Chloroplast,unidentified,BOTU_258_Chloroplast
BOTU_242,Bacteria,Firmicutes,Clostridia,Lachnospirales,Lachnospiraceae,Lachnospiraceae_NK4A136_group,uncultured_bacterium,BOTU_242_uncultured_bacterium
BOTU_241,Bacteria,Actinobacteriota,Actinobacteria,Kineosporiales,Kineosporiaceae,Kineosporia,uncultured_Kineosporiaceae,BOTU_241_uncultured_Kineosporiaceae
BOTU_254,Bacteria,Verrucomicrobiota,Verrucomicrobiae,Chthoniobacterales,Chthoniobacteraceae,Chthoniobacter,uncultured_bacterium,BOTU_254_uncultured_bacterium
BOTU_246,Bacteria,Actinobacteriota,Actinobacteria,Propionibacteriales,Nocardioidaceae,Nocardioides,unidentified,BOTU_246_Nocardioides
BOTU_253,Bacteria,Firmicutes,Thermoanaerobacteria,Thermoanaerobacterales,Family_III,Thermoanaerobacterium,Thermoanaerobacterium_saccharolyticum,BOTU_253_Thermoanaerobacterium_saccharolyticum
BOTU_256,Bacteria,Bacteroidota,Bacteroidia,Sphingobacteriales,Sphingobacteriaceae,Mucilaginibacter,Mucilaginibacter_daejeonensis,BOTU_256_Mucilaginibacter_daejeonensis
BOTU_259,Bacteria,Bacteroidota,Bacteroidia,Chitinophagales,Chitinophagaceae,Puia,uncultured_bacterium,BOTU_259_uncultured_bacterium
BOTU_262,Bacteria,Proteobacteria,Alphaproteobacteria,Rhodospirillales,uncultured,uncultured,uncultured_bacterium,BOTU_262_uncultured_bacterium
BOTU_252,Bacteria,Firmicutes,Clostridia,Peptostreptococcales-Tissierellales,Peptostreptococcaceae,Romboutsia,uncultured_bacterium,BOTU_252_uncultured_bacterium
BOTU_268,Bacteria,Bacteroidota,Bacteroidia,Bacteroidales,Prevotellaceae,Prevotella,unidentified_rumen,BOTU_268_unidentified_rumen
BOTU_265,Bacteria,Bacteroidota,Bacteroidia,Cytophagales,Spirosomaceae,Dyadobacter,unidentified,BOTU_265_Dyadobacter
BOTU_255,Bacteria,Actinobacteriota,Actinobacteria,Micrococcales,Beutenbergiaceae,Salana,uncultured_bacterium,BOTU_255_uncultured_bacterium
BOTU_260,Bacteria,Actinobacteriota,Thermoleophilia,Solirubrobacterales,67-14,67-14,uncultured_bacterium,BOTU_260_uncultured_bacterium
BOTU_264,Bacteria,Bacteroidota,Bacteroidia,Flavobacteriales,Weeksellaceae,Apibacter,Apibacter_sp.,BOTU_264_Apibacter_sp.
BOTU_273,Archaea,Halobacterota,Halobacteria,Halobacterales,Haloferacaceae,Halopenitus,Halopenitus_salinus,BOTU_273_Halopenitus_salinus
BOTU_257,Bacteria,Firmicutes,Clostridia,Clostridiales,Clostridiaceae,Clostridium_sensu_stricto_1,unidentified,BOTU_257_Clostridium_sensu_stricto_1
BOTU_266,Bacteria,Proteobacteria,Alphaproteobacteria,Acetobacterales,Acetobacteraceae,unidentified,unidentified,BOTU_266_Acetobacteraceae
BOTU_261,Bacteria,Actinobacteriota,Actinobacteria,unidentified,unidentified,unidentified,unidentified,BOTU_261_Actinobacteria
BOTU_269,Bacteria,Bacteroidota,Bacteroidia,Bacteroidales,Prevotellaceae,Prevotella,unidentified,BOTU_269_Prevotella
BOTU_263,Bacteria,Proteobacteria,Alphaproteobacteria,Rhizobiales,Labraceae,Labrys,uncultured_bacterium,BOTU_263_uncultured_bacterium
BOTU_282,unidentified,unidentified,unidentified,unidentified,unidentified,unidentified,unidentified,BOTU_282_unidentified
BOTU_283,unidentified,unidentified,unidentified,unidentified,unidentified,unidentified,unidentified,BOTU_283_unidentified
BOTU_275,Bacteria,Actinobacteriota,Actinobacteria,Bifidobacteriales,Bifidobacteriaceae,Bifidobacterium,Bifidobacterium_animalis,BOTU_275_Bifidobacterium_animalis
BOTU_267,Bacteria,Proteobacteria,Gammaproteobacteria,Burkholderiales,Oxalobacteraceae,Massilia,Massilia_sp.,BOTU_267_Massilia_sp.
BOTU_270,Bacteria,Bacteroidota,Bacteroidia,Flavobacteriales,Weeksellaceae,unidentified,unidentified,BOTU_270_Weeksellaceae
BOTU_274,Bacteria,Armatimonadota,Fimbriimonadia,Fimbriimonadales,Fimbriimonadaceae,Fimbriimonadaceae,uncultured_bacterium,BOTU_274_uncultured_bacterium
BOTU_271,Bacteria,Acidobacteriota,Vicinamibacteria,Subgroup_17,Subgroup_17,Subgroup_17,unidentified,BOTU_271_Subgroup_17
BOTU_276,Bacteria,Actinobacteriota,Thermoleophilia,Solirubrobacterales,67-14,67-14,unidentified,BOTU_276_67-14
BOTU_272,Bacteria,Proteobacteria,Gammaproteobacteria,Pseudomonadales,Pseudomonadaceae,Pseudomonas,uncultured_bacterium,BOTU_272_uncultured_bacterium
BOTU_279,Bacteria,Armatimonadota,Fimbriimonadia,Fimbriimonadales,Fimbriimonadaceae,Fimbriimonadaceae,uncultured_bacterium,BOTU_279_uncultured_bacterium
BOTU_281,Bacteria,Firmicutes,Clostridia,Peptostreptococcales-Tissierellales,Peptostreptococcales-Tissierellales,Anaerococcus,unidentified,BOTU_281_Anaerococcus
BOTU_277,Bacteria,Bacteroidota,Bacteroidia,Sphingobacteriales,Sphingobacteriaceae,Mucilaginibacter,unidentified,BOTU_277_Mucilaginibacter
BOTU_280,Bacteria,Proteobacteria,Alphaproteobacteria,Rhizobiales,Beijerinckiaceae,Methylobacterium-Methylorubrum,uncultured_bacterium,BOTU_280_uncultured_bacterium
BOTU_289,Bacteria,Deinococcota,Deinococci,Deinococcales,Deinococcaceae,Deinococcus,Deinococcus_gobiensis,BOTU_289_Deinococcus_gobiensis
BOTU_285,Bacteria,Proteobacteria,Alphaproteobacteria,Rickettsiales,Rickettsiaceae,unidentified,unidentified,BOTU_285_Rickettsiaceae
BOTU_287,Bacteria,Bacteroidota,Bacteroidia,Cytophagales,Hymenobacteraceae,Hymenobacter,uncultured_bacterium,BOTU_287_uncultured_bacterium
BOTU_284,Bacteria,Firmicutes,Bacilli,Alicyclobacillales,Alicyclobacillaceae,Tumebacillus,uncultured_bacterium,BOTU_284_uncultured_bacterium
BOTU_278,Bacteria,Proteobacteria,Alphaproteobacteria,Sphingomonadales,Sphingomonadaceae,Sphingomonas,Sphingomonas_aerophila,BOTU_278_Sphingomonas_aerophila
BOTU_288,Bacteria,Myxococcota,Myxococcia,Myxococcales,Myxococcaceae,P3OB-42,uncultured_bacterium,BOTU_288_uncultured_bacterium
BOTU_290,Bacteria,Armatimonadota,Armatimonadia,Armatimonadales,Armatimonadales,Armatimonadales,uncultured_bacterium,BOTU_290_uncultured_bacterium
BOTU_286,Bacteria,Actinobacteriota,Actinobacteria,Kineosporiales,Kineosporiaceae,Angustibacter,uncultured_bacterium,BOTU_286_uncultured_bacterium
BOTU_291,Bacteria,Armatimonadota,Fimbriimonadia,Fimbriimonadales,Fimbriimonadaceae,Fimbriimonadaceae,unidentified,BOTU_291_Fimbriimonadaceae
BOTU_303,unidentified,unidentified,unidentified,unidentified,unidentified,unidentified,unidentified,BOTU_303_unidentified
BOTU_293,Bacteria,Chloroflexi,TK10,TK10,TK10,TK10,unidentified,BOTU_293_TK10
BOTU_297,Bacteria,Chloroflexi,Anaerolineae,Caldilineales,Caldilineaceae,uncultured,uncultured_bacterium,BOTU_297_uncultured_bacterium
BOTU_301,Bacteria,Armatimonadota,Armatimonadia,Armatimonadales,Armatimonadales,Armatimonadales,uncultured_bacterium,BOTU_301_uncultured_bacterium
BOTU_298,Bacteria,Proteobacteria,Alphaproteobacteria,Rhizobiales,Beijerinckiaceae,Methylobacterium-Methylorubrum,uncultured_bacterium,BOTU_298_uncultured_bacterium
BOTU_292,Bacteria,Actinobacteriota,Actinobacteria,Micrococcales,Microbacteriaceae,Microbacteriaceae,uncultured_bacterium,BOTU_292_uncultured_bacterium
BOTU_296,Bacteria,Proteobacteria,Alphaproteobacteria,Caulobacterales,Caulobacteraceae,uncultured,uncultured_bacterium,BOTU_296_uncultured_bacterium
BOTU_294,Bacteria,Proteobacteria,Alphaproteobacteria,Elsterales,uncultured,uncultured,uncultured_Alphaproteobacteria,BOTU_294_uncultured_Alphaproteobacteria
BOTU_295,Bacteria,Proteobacteria,Alphaproteobacteria,Rhizobiales,Rhizobiaceae,Ochrobactrum,Ochrobactrum_pituitosum,BOTU_295_Ochrobactrum_pituitosum
BOTU_299,Bacteria,Proteobacteria,Alphaproteobacteria,Azospirillales,Azospirillaceae,Azospirillum,Azospirillum_humicireducens,BOTU_299_Azospirillum_humicireducens
BOTU_307,Bacteria,Armatimonadota,Fimbriimonadia,Fimbriimonadales,Fimbriimonadaceae,Fimbriimonadaceae,uncultured_bacterium,BOTU_307_uncultured_bacterium
BOTU_302,Bacteria,Actinobacteriota,Actinobacteria,Propionibacteriales,Nocardioidaceae,Nocardioides,unidentified,BOTU_302_Nocardioides
BOTU_300,Bacteria,Proteobacteria,Alphaproteobacteria,Sphingomonadales,Sphingomonadaceae,unidentified,unidentified,BOTU_300_Sphingomonadaceae
BOTU_313,Bacteria,Deinococcota,Deinococci,Thermales,Thermaceae,Meiothermus,Meiothermus_silvanus,BOTU_313_Meiothermus_silvanus
BOTU_305,Bacteria,Proteobacteria,Alphaproteobacteria,Sphingomonadales,Sphingomonadaceae,Sphingomonas,Sphingomonas_sp.,BOTU_305_Sphingomonas_sp.
BOTU_309,Bacteria,Actinobacteriota,Thermoleophilia,Gaiellales,uncultured,uncultured,uncultured_actinobacterium,BOTU_309_uncultured_actinobacterium
BOTU_308,Bacteria,Acidobacteriota,Vicinamibacteria,Vicinamibacterales,Vicinamibacteraceae,Vicinamibacteraceae,unidentified,BOTU_308_Vicinamibacteraceae
BOTU_316,Bacteria,Abditibacteriota,Abditibacteria,Abditibacteriales,Abditibacteriaceae,Abditibacterium,uncultured_bacterium,BOTU_316_uncultured_bacterium
BOTU_304,Bacteria,Proteobacteria,Alphaproteobacteria,Azospirillales,Azospirillaceae,unidentified,unidentified,BOTU_304_Azospirillaceae
BOTU_306,Bacteria,Proteobacteria,Alphaproteobacteria,Rhizobiales,Beijerinckiaceae,Microvirga,unidentified,BOTU_306_Microvirga
BOTU_315,Bacteria,Deinococcota,Deinococci,Deinococcales,Deinococcaceae,Deinococcus,Deinococcus_geothermalis,BOTU_315_Deinococcus_geothermalis
BOTU_317,Bacteria,Cyanobacteria,Cyanobacteriia,Chloroplast,Chloroplast,Chloroplast,unidentified,BOTU_317_Chloroplast
BOTU_324,unidentified,unidentified,unidentified,unidentified,unidentified,unidentified,unidentified,BOTU_324_unidentified
BOTU_311,Bacteria,WPS-2,WPS-2,WPS-2,WPS-2,WPS-2,uncultured_bacterium,BOTU_311_uncultured_bacterium
BOTU_312,Bacteria,Proteobacteria,Alphaproteobacteria,Rhizobiales,Beijerinckiaceae,1174-901-12,uncultured_bacterium,BOTU_312_uncultured_bacterium
BOTU_314,Bacteria,Myxococcota,bacteriap25,bacteriap25,bacteriap25,bacteriap25,unidentified,BOTU_314_bacteriap25
BOTU_320,Bacteria,Bacteroidota,Bacteroidia,Cytophagales,Spirosomaceae,Spirosoma,uncultured_bacterium,BOTU_320_uncultured_bacterium
BOTU_310,Bacteria,Actinobacteriota,Actinobacteria,Kineosporiales,Kineosporiaceae,Kineosporia,Kineosporia_aurantiaca,BOTU_310_Kineosporia_aurantiaca
BOTU_326,Bacteria,Chloroflexi,Chloroflexia,Chloroflexales,Chloroflexaceae,Chloronema,unidentified,BOTU_326_Chloronema
BOTU_319,Bacteria,Proteobacteria,Alphaproteobacteria,unidentified,unidentified,unidentified,unidentified,BOTU_319_Alphaproteobacteria
BOTU_328,Bacteria,Bdellovibrionota,Bdellovibrionia,Bacteriovoracales,Bacteriovoracaceae,Peredibacter,unidentified,BOTU_328_Peredibacter
BOTU_330,Bacteria,Bacteroidota,Bacteroidia,Bacteroidales,Dysgonomonadaceae,Proteiniphilum,uncultured_bacterium,BOTU_330_uncultured_bacterium
BOTU_318,Bacteria,Firmicutes,Negativicutes,Veillonellales-Selenomonadales,Veillonellaceae,Dialister,unidentified,BOTU_318_Dialister
BOTU_333,Bacteria,Cyanobacteria,Cyanobacteriia,Chloroplast,Chloroplast,Chloroplast,uncultured_bacterium,BOTU_333_uncultured_bacterium
BOTU_335,Bacteria,Chloroflexi,Chloroflexia,Chloroflexales,Roseiflexaceae,uncultured,uncultured_bacterium,BOTU_335_uncultured_bacterium
BOTU_325,Bacteria,Bacteroidota,Bacteroidia,Flavobacteriales,Weeksellaceae,Chryseobacterium,unidentified,BOTU_325_Chryseobacterium
BOTU_321,Bacteria,Proteobacteria,Alphaproteobacteria,Rhodobacterales,Rhodobacteraceae,Rubellimicrobium,uncultured_bacterium,BOTU_321_uncultured_bacterium
BOTU_336,Bacteria,Bacteroidota,Bacteroidia,Cytophagales,Spirosomaceae,Spirosoma,unidentified,BOTU_336_Spirosoma
BOTU_322,Bacteria,Proteobacteria,Gammaproteobacteria,Burkholderiales,Comamonadaceae,Ramlibacter,uncultured_bacterium,BOTU_322_uncultured_bacterium
BOTU_327,Bacteria,Proteobacteria,Alphaproteobacteria,Acetobacterales,Acetobacteraceae,Endobacter,uncultured_bacterium,BOTU_327_uncultured_bacterium
BOTU_332,Bacteria,Actinobacteriota,Thermoleophilia,Solirubrobacterales,Solirubrobacteraceae,Solirubrobacter,uncultured_bacterium,BOTU_332_uncultured_bacterium
BOTU_323,Bacteria,Proteobacteria,Gammaproteobacteria,Burkholderiales,Oxalobacteraceae,Duganella,unidentified,BOTU_323_Duganella
BOTU_338,Bacteria,Bacteroidota,Bacteroidia,Chitinophagales,Chitinophagaceae,Flavisolibacter,unidentified,BOTU_338_Flavisolibacter
BOTU_331,Bacteria,Firmicutes,Bacilli,Lactobacillales,Streptococcaceae,Streptococcus,unidentified,BOTU_331_Streptococcus
BOTU_343,unidentified,unidentified,unidentified,unidentified,unidentified,unidentified,unidentified,BOTU_343_unidentified
BOTU_329,Bacteria,Proteobacteria,Alphaproteobacteria,Rhizobiales,Rhizobiaceae,unidentified,unidentified,BOTU_329_Rhizobiaceae
BOTU_339,Bacteria,Actinobacteriota,Thermoleophilia,Solirubrobacterales,Solirubrobacteraceae,Conexibacter,uncultured_actinobacterium,BOTU_339_uncultured_actinobacterium
BOTU_334,Bacteria,Actinobacteriota,Actinobacteria,Propionibacteriales,Nocardioidaceae,Nocardioides,Nocardioides_lentus,BOTU_334_Nocardioides_lentus
BOTU_342,Bacteria,Cyanobacteria,Cyanobacteriia,Chloroplast,Chloroplast,Chloroplast,unidentified,BOTU_342_Chloroplast
BOTU_340,Bacteria,Acidobacteriota,Blastocatellia,Blastocatellales,Blastocatellaceae,Blastocatella,uncultured_bacterium,BOTU_340_uncultured_bacterium
BOTU_346,Bacteria,Bdellovibrionota,Bdellovibrionia,Bacteriovoracales,Bacteriovoracaceae,Peredibacter,unidentified,BOTU_346_Peredibacter
BOTU_337,Bacteria,Proteobacteria,Alphaproteobacteria,Rhodobacterales,Rhodobacteraceae,Paracoccus,unidentified,BOTU_337_Paracoccus
BOTU_351,Bacteria,Chloroflexi,Anaerolineae,Caldilineales,Caldilineaceae,Caldilineaceae,uncultured_bacterium,BOTU_351_uncultured_bacterium
BOTU_345,Bacteria,Proteobacteria,Alphaproteobacteria,Caedibacterales,Caedibacteraceae,Caedibacter,unidentified,BOTU_345_Caedibacter
BOTU_354,Bacteria,Bacteroidota,Bacteroidia,Bacteroidales,Bacteroidaceae,Bacteroides,uncultured_bacterium,BOTU_354_uncultured_bacterium
BOTU_341,Bacteria,Proteobacteria,Gammaproteobacteria,Burkholderiales,Nitrosomonadaceae,MND1,uncultured_bacterium,BOTU_341_uncultured_bacterium
BOTU_353,Bacteria,Chloroflexi,Anaerolineae,Ardenticatenales,uncultured,uncultured,uncultured_bacterium,BOTU_353_uncultured_bacterium
BOTU_352,Bacteria,Acidobacteriota,Acidobacteriae,Acidobacteriales,Acidobacteriaceae_(Subgroup_1),Terriglobus,unidentified,BOTU_352_Terriglobus
BOTU_358,Bacteria,Bacteroidota,Bacteroidia,Cytophagales,Hymenobacteraceae,Hymenobacter,uncultured_bacterium,BOTU_358_uncultured_bacterium
BOTU_349,Bacteria,Proteobacteria,Gammaproteobacteria,Xanthomonadales,Xanthomonadaceae,unidentified,unidentified,BOTU_349_Xanthomonadaceae
BOTU_355,Bacteria,Gemmatimonadota,Gemmatimonadetes,Gemmatimonadales,Gemmatimonadaceae,uncultured,unidentified,BOTU_355_uncultured
BOTU_344,Bacteria,Proteobacteria,Alphaproteobacteria,Sphingomonadales,Sphingomonadaceae,Sphingomonas,unidentified,BOTU_344_Sphingomonas
BOTU_359,Bacteria,Bdellovibrionota,Bdellovibrionia,Bdellovibrionales,Bdellovibrionaceae,Bdellovibrio,uncultured_bacterium,BOTU_359_uncultured_bacterium
BOTU_348,Bacteria,Proteobacteria,Alphaproteobacteria,Sphingomonadales,Sphingomonadaceae,Sphingomonas,uncultured_bacterium,BOTU_348_uncultured_bacterium
BOTU_347,Bacteria,Proteobacteria,Gammaproteobacteria,Burkholderiales,Oxalobacteraceae,Massilia,unidentified,BOTU_347_Massilia
BOTU_365,unidentified,unidentified,unidentified,unidentified,unidentified,unidentified,unidentified,BOTU_365_unidentified
BOTU_360,Bacteria,Chloroflexi,TK10,TK10,TK10,TK10,unidentified,BOTU_360_TK10
BOTU_356,Bacteria,Proteobacteria,Alphaproteobacteria,Azospirillales,Azospirillaceae,Skermanella,unidentified,BOTU_356_Skermanella
BOTU_350,Bacteria,Firmicutes,Bacilli,Staphylococcales,Staphylococcaceae,Jeotgalicoccus,unidentified,BOTU_350_Jeotgalicoccus
BOTU_364,Bacteria,Abditibacteriota,Abditibacteria,Abditibacteriales,Abditibacteriaceae,Abditibacterium,uncultured_endolithic,BOTU_364_uncultured_endolithic
BOTU_363,Bacteria,Armatimonadota,Fimbriimonadia,Fimbriimonadales,Fimbriimonadaceae,Fimbriimonadaceae,uncultured_bacterium,BOTU_363_uncultured_bacterium
BOTU_369,unidentified,unidentified,unidentified,unidentified,unidentified,unidentified,unidentified,BOTU_369_unidentified
BOTU_362,Bacteria,Bacteroidota,Bacteroidia,Cytophagales,Hymenobacteraceae,Hymenobacter,unidentified,BOTU_362_Hymenobacter
BOTU_368,Bacteria,Chloroflexi,Chloroflexia,Chloroflexales,Roseiflexaceae,uncultured,unidentified,BOTU_368_uncultured
BOTU_357,Bacteria,Proteobacteria,Gammaproteobacteria,unidentified,unidentified,unidentified,unidentified,BOTU_357_Gammaproteobacteria
BOTU_367,Bacteria,Bacteroidota,Bacteroidia,Cytophagales,Hymenobacteraceae,Hymenobacter,uncultured_bacterium,BOTU_367_uncultured_bacterium
BOTU_361,Bacteria,Proteobacteria,Gammaproteobacteria,Pseudomonadales,Pseudomonadaceae,Pseudomonas,uncultured_bacterium,BOTU_361_uncultured_bacterium
BOTU_377,unidentified,unidentified,unidentified,unidentified,unidentified,unidentified,unidentified,BOTU_377_unidentified
BOTU_370,Bacteria,Bacteroidota,Bacteroidia,Bacteroidales,Prevotellaceae,Prevotella,uncultured_bacterium,BOTU_370_uncultured_bacterium
BOTU_386,unidentified,unidentified,unidentified,unidentified,unidentified,unidentified,unidentified,BOTU_386_unidentified
BOTU_373,Bacteria,Bacteroidota,Bacteroidia,Flavobacteriales,Flavobacteriaceae,Flavobacterium,unidentified,BOTU_373_Flavobacterium
BOTU_379,Bacteria,Chloroflexi,Chloroflexia,Thermomicrobiales,JG30-KF-CM45,JG30-KF-CM45,uncultured_bacterium,BOTU_379_uncultured_bacterium
BOTU_372,Bacteria,Chloroflexi,JG30-KF-CM66,JG30-KF-CM66,JG30-KF-CM66,JG30-KF-CM66,uncultured_bacterium,BOTU_372_uncultured_bacterium
BOTU_366,Bacteria,Proteobacteria,Alphaproteobacteria,Rhizobiales,Xanthobacteraceae,uncultured,uncultured_bacterium,BOTU_366_uncultured_bacterium
BOTU_389,unidentified,unidentified,unidentified,unidentified,unidentified,unidentified,unidentified,BOTU_389_unidentified
BOTU_375,Bacteria,Firmicutes,Clostridia,Lachnospirales,Lachnospiraceae,[Ruminococcus]_gauvreauii_group,uncultured_bacterium,BOTU_375_uncultured_bacterium
BOTU_378,Bacteria,Acidobacteriota,Acidobacteriae,Acidobacteriales,Acidobacteriaceae_(Subgroup_1),Edaphobacter,Edaphobacter_sp.,BOTU_378_Edaphobacter_sp.
BOTU_374,Bacteria,Proteobacteria,Alphaproteobacteria,uncultured,uncultured,uncultured,unidentified,BOTU_374_uncultured
BOTU_371,Bacteria,Proteobacteria,Alphaproteobacteria,Sphingomonadales,Sphingomonadaceae,Sphingomonas,uncultured_bacterium,BOTU_371_uncultured_bacterium
BOTU_384,Bacteria,Gemmatimonadota,Gemmatimonadetes,Gemmatimonadales,Gemmatimonadaceae,uncultured,unidentified,BOTU_384_uncultured
BOTU_382,Bacteria,Proteobacteria,Alphaproteobacteria,Defluviicoccales,Defluviicoccaceae,Defluviicoccus,unidentified,BOTU_382_Defluviicoccus
BOTU_390,Bacteria,Planctomycetota,Phycisphaerae,Tepidisphaerales,Tepidisphaeraceae,Tepidisphaera,uncultured_bacterium,BOTU_390_uncultured_bacterium
BOTU_380,Bacteria,Actinobacteriota,Actinobacteria,Propionibacteriales,Nocardioidaceae,Nocardioides,unidentified,BOTU_380_Nocardioides
BOTU_388,Bacteria,Acidobacteriota,Blastocatellia,Blastocatellales,Blastocatellaceae,JGI_0001001-H03,uncultured_bacterium,BOTU_388_uncultured_bacterium
BOTU_376,Bacteria,Proteobacteria,Gammaproteobacteria,Burkholderiales,Oxalobacteraceae,Herbaspirillum,unidentified,BOTU_376_Herbaspirillum
BOTU_394,Archaea,Halobacterota,Halobacteria,Halobacterales,Halobacteriaceae,Halarchaeum,unidentified,BOTU_394_Halarchaeum
BOTU_381,Bacteria,Proteobacteria,Gammaproteobacteria,Burkholderiales,Methylophilaceae,Methylophilus,unidentified,BOTU_381_Methylophilus
BOTU_383,Bacteria,Proteobacteria,Alphaproteobacteria,Caulobacterales,Caulobacteraceae,unidentified,unidentified,BOTU_383_Caulobacteraceae
BOTU_385,Bacteria,Proteobacteria,Alphaproteobacteria,Rhizobiales,Rhizobiaceae,unidentified,unidentified,BOTU_385_Rhizobiaceae
BOTU_396,Bacteria,Bacteroidota,Bacteroidia,Cytophagales,Spirosomaceae,Spirosoma,unidentified,BOTU_396_Spirosoma
BOTU_397,Bacteria,Bacteroidota,Bacteroidia,Sphingobacteriales,env.OPS_17,env.OPS_17,unidentified,BOTU_397_env.OPS_17
BOTU_387,Bacteria,Proteobacteria,Alphaproteobacteria,Rhizobiales,Beijerinckiaceae,1174-901-12,unidentified,BOTU_387_1174-901-12
BOTU_398,Bacteria,Bacteroidota,Bacteroidia,Cytophagales,Hymenobacteraceae,Hymenobacter,uncultured_bacterium,BOTU_398_uncultured_bacterium
BOTU_400,Bacteria,Verrucomicrobiota,Chlamydiae,Chlamydiales,unidentified,unidentified,unidentified,BOTU_400_Chlamydiales
BOTU_395,Bacteria,Proteobacteria,Alphaproteobacteria,Rickettsiales,unidentified,unidentified,unidentified,BOTU_395_Rickettsiales
BOTU_403,Bacteria,Planctomycetota,Planctomycetes,Gemmatales,Gemmataceae,uncultured,unidentified,BOTU_403_uncultured
BOTU_404,Eukaryota,Basidiomycota,Exobasidiomycetes,Microstromatales,Microstromataceae,Microstroma,Pseudomicrostroma_juglandis,BOTU_404_Pseudomicrostroma_juglandis
BOTU_393,Bacteria,Proteobacteria,Alphaproteobacteria,Caulobacterales,Caulobacteraceae,uncultured,uncultured_bacterium,BOTU_393_uncultured_bacterium
BOTU_410,unidentified,unidentified,unidentified,unidentified,unidentified,unidentified,unidentified,BOTU_410_unidentified
BOTU_399,Bacteria,Proteobacteria,Alphaproteobacteria,Rickettsiales,Rickettsiales,Candidatus_Jidaibacter,uncultured_Acanthamoeba,BOTU_399_uncultured_Acanthamoeba
BOTU_391,Bacteria,Proteobacteria,Alphaproteobacteria,Sphingomonadales,Sphingomonadaceae,unidentified,unidentified,BOTU_391_Sphingomonadaceae
BOTU_402,Bacteria,Verrucomicrobiota,Verrucomicrobiae,Chthoniobacterales,Chthoniobacteraceae,LD29,uncultured_bacterium,BOTU_402_uncultured_bacterium
BOTU_411,unidentified,unidentified,unidentified,unidentified,unidentified,unidentified,unidentified,BOTU_411_unidentified
BOTU_392,Bacteria,Proteobacteria,Gammaproteobacteria,Enterobacterales,Morganellaceae,Providencia,unidentified,BOTU_392_Providencia
BOTU_409,Bacteria,Chloroflexi,TK10,TK10,TK10,TK10,unidentified,BOTU_409_TK10
BOTU_406,Bacteria,Actinobacteriota,Thermoleophilia,Gaiellales,uncultured,uncultured,uncultured_bacterium,BOTU_406_uncultured_bacterium
BOTU_408,Bacteria,Bacteroidota,Bacteroidia,Chitinophagales,Chitinophagaceae,unidentified,unidentified,BOTU_408_Chitinophagaceae
BOTU_412,Bacteria,Verrucomicrobiota,Verrucomicrobiae,Chthoniobacterales,uncultured_bacterium,unidentified,unidentified,BOTU_412_uncultured_bacterium
BOTU_405,Bacteria,Proteobacteria,Alphaproteobacteria,Rhizobiales,Beijerinckiaceae,unidentified,unidentified,BOTU_405_Beijerinckiaceae
BOTU_420,unidentified,unidentified,unidentified,unidentified,unidentified,unidentified,unidentified,BOTU_420_unidentified
BOTU_401,Bacteria,Proteobacteria,Gammaproteobacteria,Cellvibrionales,Halieaceae,OM60(NOR5)_clade,unidentified,BOTU_401_OM60(NOR5)_clade
BOTU_418,Bacteria,Planctomycetota,Planctomycetes,Isosphaerales,Isosphaeraceae,Tundrisphaera,uncultured_bacterium,BOTU_418_uncultured_bacterium
BOTU_417,Bacteria,Cyanobacteria,Cyanobacteriia,Cyanobacteriales,Nostocaceae,Nostoc_PCC-73102,unidentified,BOTU_417_Nostoc_PCC-73102
BOTU_414,Bacteria,Acidobacteriota,Acidobacteriae,Acidobacteriales,uncultured,uncultured,uncultured_bacterium,BOTU_414_uncultured_bacterium
BOTU_416,Bacteria,Acidobacteriota,Acidobacteriae,Acidobacteriales,Acidobacteriaceae_(Subgroup_1),Bryocella,uncultured_bacterium,BOTU_416_uncultured_bacterium
BOTU_407,Bacteria,Firmicutes,Bacilli,Paenibacillales,Paenibacillaceae,Paenibacillus,unidentified,BOTU_407_Paenibacillus
BOTU_421,Bacteria,Acidobacteriota,Acidobacteriae,Bryobacterales,Bryobacteraceae,Bryobacter,uncultured_bacterium,BOTU_421_uncultured_bacterium
BOTU_424,Bacteria,Acidobacteriota,Blastocatellia,Pyrinomonadales,Pyrinomonadaceae,RB41,unidentified,BOTU_424_RB41
BOTU_413,Bacteria,Firmicutes,Bacilli,Lactobacillales,Lactobacillaceae,Lactobacillus,unidentified,BOTU_413_Lactobacillus
BOTU_422,Bacteria,Bacteroidota,Bacteroidia,Cytophagales,Hymenobacteraceae,Hymenobacter,uncultured_bacterium,BOTU_422_uncultured_bacterium
BOTU_429,Bacteria,Planctomycetota,Planctomycetes,Gemmatales,Gemmataceae,uncultured,unidentified,BOTU_429_uncultured
BOTU_427,Bacteria,Bacteroidota,Bacteroidia,Bacteroidales,Prevotellaceae,Prevotella,uncultured_bacterium,BOTU_427_uncultured_bacterium
BOTU_419,Bacteria,Proteobacteria,Alphaproteobacteria,Rhizobiales,Beijerinckiaceae,Methylobacterium-Methylorubrum,unidentified,BOTU_419_Methylobacterium-Methylorubrum
BOTU_415,Bacteria,Actinobacteriota,Actinobacteria,Micromonosporales,Micromonosporaceae,unidentified,unidentified,BOTU_415_Micromonosporaceae
BOTU_432,Bacteria,unidentified,unidentified,unidentified,unidentified,unidentified,unidentified,BOTU_432_Bacteria
BOTU_425,Bacteria,Proteobacteria,Alphaproteobacteria,Defluviicoccales,Defluviicoccaceae,Defluviicoccus,uncultured_bacterium,BOTU_425_uncultured_bacterium
BOTU_428,Bacteria,Bacteroidota,Bacteroidia,Cytophagales,Hymenobacteraceae,Hymenobacter,unidentified,BOTU_428_Hymenobacter
BOTU_423,Bacteria,Actinobacteriota,Actinobacteria,Micromonosporales,Micromonosporaceae,unidentified,unidentified,BOTU_423_Micromonosporaceae
BOTU_431,Bacteria,Campilobacterota,Campylobacteria,Campylobacterales,Helicobacteraceae,Wolinella,Wolinella_succinogenes,BOTU_431_Wolinella_succinogenes
BOTU_437,Bacteria,Chloroflexi,Chloroflexia,Chloroflexales,Roseiflexaceae,uncultured,uncultured_Chloroflexi,BOTU_437_uncultured_Chloroflexi
BOTU_436,Bacteria,Fusobacteriota,Fusobacteriia,Fusobacteriales,Leptotrichiaceae,uncultured,marine_metagenome,BOTU_436_marine_metagenome
BOTU_430,Bacteria,Proteobacteria,Gammaproteobacteria,Gammaproteobacteria_Incertae_Sedis,Unknown_Family,Acidibacter,metagenome,BOTU_430_metagenome
BOTU_426,Bacteria,Proteobacteria,Alphaproteobacteria,Elsterales,uncultured,uncultured,uncultured_Acetobacteraceae,BOTU_426_uncultured_Acetobacteraceae
BOTU_434,Bacteria,Proteobacteria,Alphaproteobacteria,Rhizobiales,Beijerinckiaceae,Methylobacterium-Methylorubrum,unidentified,BOTU_434_Methylobacterium-Methylorubrum
BOTU_438,Bacteria,Actinobacteriota,Thermoleophilia,Solirubrobacterales,67-14,67-14,uncultured_bacterium,BOTU_438_uncultured_bacterium
BOTU_442,Bacteria,Acidobacteriota,Vicinamibacteria,Vicinamibacterales,uncultured,uncultured,unidentified,BOTU_442_uncultured
BOTU_433,Bacteria,Proteobacteria,Alphaproteobacteria,Sphingomonadales,Sphingomonadaceae,unidentified,unidentified,BOTU_433_Sphingomonadaceae
BOTU_439,Bacteria,Bacteroidota,Bacteroidia,Chitinophagales,Chitinophagaceae,Edaphobaculum,uncultured_Chitinophaga,BOTU_439_uncultured_Chitinophaga
BOTU_443,Bacteria,Acidobacteriota,Vicinamibacteria,Vicinamibacterales,uncultured,uncultured,unidentified,BOTU_443_uncultured
BOTU_441,Bacteria,Chloroflexi,TK10,TK10,TK10,TK10,uncultured_bacterium,BOTU_441_uncultured_bacterium
BOTU_453,Bacteria,Chloroflexi,Chloroflexia,Chloroflexales,Roseiflexaceae,uncultured,uncultured_bacterium,BOTU_453_uncultured_bacterium
BOTU_445,Bacteria,Cyanobacteria,Cyanobacteriia,Cyanobacteriales,Nostocaceae,Scytonema_VB-61278,unidentified,BOTU_445_Scytonema_VB-61278
BOTU_451,Bacteria,Bacteroidota,Bacteroidia,Cytophagales,Spirosomaceae,uncultured,unidentified,BOTU_451_uncultured
BOTU_444,Bacteria,Actinobacteriota,Thermoleophilia,unidentified,unidentified,unidentified,unidentified,BOTU_444_Thermoleophilia
BOTU_449,Bacteria,Deinococcota,Deinococci,Deinococcales,Deinococcaceae,Deinococcus,Deinococcus_sp.,BOTU_449_Deinococcus_sp.
BOTU_435,Bacteria,Proteobacteria,Alphaproteobacteria,Rhizobiales,Devosiaceae,Devosia,Devosia_riboflavina,BOTU_435_Devosia_riboflavina
BOTU_452,Bacteria,Deinococcota,Deinococci,Deinococcales,Deinococcaceae,Deinococcus,uncultured_bacterium,BOTU_452_uncultured_bacterium
BOTU_447,Bacteria,Actinobacteriota,Thermoleophilia,Gaiellales,uncultured,uncultured,unidentified,BOTU_447_uncultured
BOTU_450,Bacteria,Bacteroidota,Bacteroidia,Flavobacteriales,Weeksellaceae,Chryseobacterium,Chryseobacterium_sp.,BOTU_450_Chryseobacterium_sp.
BOTU_446,Bacteria,Actinobacteriota,Actinobacteria,Propionibacteriales,Nocardioidaceae,Nocardioides,uncultured_bacterium,BOTU_446_uncultured_bacterium
BOTU_454,Bacteria,Bacteroidota,Bacteroidia,Cytophagales,Hymenobacteraceae,Hymenobacter,Hymenobacter_sp.,BOTU_454_Hymenobacter_sp.
BOTU_465,unidentified,unidentified,unidentified,unidentified,unidentified,unidentified,unidentified,BOTU_465_unidentified
BOTU_456,Bacteria,Cyanobacteria,Cyanobacteriia,Chloroplast,Chloroplast,Chloroplast,unidentified,BOTU_456_Chloroplast
BOTU_440,Bacteria,Proteobacteria,Alphaproteobacteria,Sphingomonadales,Sphingomonadaceae,Sphingomonas,unidentified,BOTU_440_Sphingomonas
BOTU_448,Bacteria,Proteobacteria,Alphaproteobacteria,Rhizobiales,Rhizobiaceae,unidentified,unidentified,BOTU_448_Rhizobiaceae
BOTU_461,Bacteria,Chloroflexi,Anaerolineae,SBR1031,A4b,A4b,uncultured_bacterium,BOTU_461_uncultured_bacterium
BOTU_468,Bacteria,Proteobacteria,Alphaproteobacteria,Rickettsiales,Mitochondria,Mitochondria,unidentified,BOTU_468_Mitochondria
BOTU_457,Bacteria,Chloroflexi,TK10,TK10,TK10,TK10,unidentified,BOTU_457_TK10
BOTU_460,Bacteria,Bacteroidota,Bacteroidia,Cytophagales,Hymenobacteraceae,Hymenobacter,unidentified,BOTU_460_Hymenobacter
BOTU_464,Bacteria,Verrucomicrobiota,Verrucomicrobiae,Chthoniobacterales,Xiphinematobacteraceae,Candidatus_Xiphinematobacter,uncultured_bacterium,BOTU_464_uncultured_bacterium
BOTU_459,Bacteria,Cyanobacteria,Cyanobacteriia,Cyanobacteriales,Chroococcidiopsaceae,Chroococcidiopsis_SAG_2023,uncultured_bacterium,BOTU_459_uncultured_bacterium
BOTU_462,Bacteria,Chloroflexi,TK10,TK10,TK10,TK10,uncultured_bacterium,BOTU_462_uncultured_bacterium
BOTU_455,Bacteria,Proteobacteria,Gammaproteobacteria,Burkholderiales,Oxalobacteraceae,Massilia,uncultured_bacterium,BOTU_455_uncultured_bacterium
BOTU_466,Bacteria,Bacteroidota,Bacteroidia,Cytophagales,Hymenobacteraceae,Hymenobacter,unidentified,BOTU_466_Hymenobacter
BOTU_470,Bacteria,Bacteroidota,Bacteroidia,Cytophagales,Spirosomaceae,Spirosoma,unidentified,BOTU_470_Spirosoma
BOTU_472,Bacteria,Deinococcota,Deinococci,Thermales,Thermaceae,Meiothermus,unidentified,BOTU_472_Meiothermus
BOTU_458,Bacteria,Firmicutes,Clostridia,Clostridiales,Clostridiaceae,Clostridium_sensu_stricto_1,uncultured_bacterium,BOTU_458_uncultured_bacterium
BOTU_463,Bacteria,Proteobacteria,Alphaproteobacteria,Rhizobiales,Xanthobacteraceae,Rhodoplanes,uncultured_bacterium,BOTU_463_uncultured_bacterium
BOTU_482,Bacteria,Proteobacteria,Alphaproteobacteria,Rickettsiales,Mitochondria,Mitochondria,unidentified,BOTU_482_Mitochondria
BOTU_478,Bacteria,Planctomycetota,Planctomycetes,Isosphaerales,Isosphaeraceae,uncultured,unidentified,BOTU_478_uncultured
BOTU_477,Bacteria,Chloroflexi,Anaerolineae,Anaerolineales,Anaerolineaceae,Anaerolinea,unidentified,BOTU_477_Anaerolinea
BOTU_475,Bacteria,Gemmatimonadota,Gemmatimonadetes,Gemmatimonadales,Gemmatimonadaceae,uncultured,uncultured_bacterium,BOTU_475_uncultured_bacterium
BOTU_467,Bacteria,Actinobacteriota,Actinobacteria,Micromonosporales,Micromonosporaceae,Actinoplanes,unidentified,BOTU_467_Actinoplanes
BOTU_479,Bacteria,Proteobacteria,Alphaproteobacteria,Rickettsiales,SM2D12,SM2D12,metagenome,BOTU_479_metagenome
BOTU_473,Bacteria,Chloroflexi,KD4-96,KD4-96,KD4-96,KD4-96,metagenome,BOTU_473_metagenome
BOTU_469,Bacteria,Firmicutes,Clostridia,Oscillospirales,[Eubacterium]_coprostanoligenes_group,[Eubacterium]_coprostanoligenes_group,uncultured_bacterium,BOTU_469_uncultured_bacterium
BOTU_476,Bacteria,Bacteroidota,Bacteroidia,Bacteroidales,Rikenellaceae,Rikenellaceae_RC9_gut_group,uncultured_bacterium,BOTU_476_uncultured_bacterium
BOTU_474,Bacteria,Firmicutes,Bacilli,Lactobacillales,Lactobacillaceae,Lactobacillus,unidentified,BOTU_474_Lactobacillus
BOTU_471,Bacteria,Myxococcota,Myxococcia,Myxococcales,Myxococcaceae,P3OB-42,uncultured_bacterium,BOTU_471_uncultured_bacterium
BOTU_480,Bacteria,Actinobacteriota,Thermoleophilia,Solirubrobacterales,Solirubrobacteraceae,Solirubrobacter,uncultured_bacterium,BOTU_480_uncultured_bacterium
BOTU_486,Bacteria,Bacteroidota,Bacteroidia,Cytophagales,Spirosomaceae,Spirosoma,unidentified,BOTU_486_Spirosoma
BOTU_483,Bacteria,Proteobacteria,Alphaproteobacteria,Acetobacterales,Acetobacteraceae,uncultured,unidentified,BOTU_483_uncultured
BOTU_490,Bacteria,Chloroflexi,Anaerolineae,SBR1031,SBR1031,SBR1031,unidentified,BOTU_490_SBR1031
BOTU_485,Bacteria,Myxococcota,bacteriap25,bacteriap25,bacteriap25,bacteriap25,uncultured_bacterium,BOTU_485_uncultured_bacterium
BOTU_481,Bacteria,Proteobacteria,Gammaproteobacteria,Burkholderiales,Burkholderiaceae,Burkholderia-Caballeronia-Paraburkholderia,unidentified,BOTU_481_Burkholderia-Caballeronia-Paraburkholderia
BOTU_484,Bacteria,Proteobacteria,Gammaproteobacteria,Pasteurellales,Pasteurellaceae,Haemophilus,uncultured_bacterium,BOTU_484_uncultured_bacterium
BOTU_488,Bacteria,Actinobacteriota,Actinobacteria,Micrococcales,Intrasporangiaceae,Terrabacter,unidentified,BOTU_488_Terrabacter
BOTU_502,Bacteria,Planctomycetota,Planctomycetes,Isosphaerales,Isosphaeraceae,Tundrisphaera,uncultured_bacterium,BOTU_502_uncultured_bacterium
BOTU_487,Bacteria,Firmicutes,Bacilli,Erysipelotrichales,Erysipelotrichaceae,ZOR0006,unidentified,BOTU_487_ZOR0006
BOTU_491,Bacteria,Bacteroidota,Bacteroidia,Sphingobacteriales,Sphingobacteriaceae,Mucilaginibacter,unidentified,BOTU_491_Mucilaginibacter
BOTU_505,unidentified,unidentified,unidentified,unidentified,unidentified,unidentified,unidentified,BOTU_505_unidentified
BOTU_494,Bacteria,Proteobacteria,Alphaproteobacteria,Rhizobiales,Beijerinckiaceae,1174-901-12,uncultured_Bradyrhizobiaceae,BOTU_494_uncultured_Bradyrhizobiaceae
BOTU_493,Bacteria,Actinobacteriota,Thermoleophilia,Gaiellales,uncultured,uncultured,unidentified,BOTU_493_uncultured
BOTU_496,Bacteria,Proteobacteria,Gammaproteobacteria,unidentified,unidentified,unidentified,unidentified,BOTU_496_Gammaproteobacteria
BOTU_489,Bacteria,Firmicutes,Clostridia,Lachnospirales,Lachnospiraceae,uncultured_bacterium,unidentified,BOTU_489_uncultured_bacterium
BOTU_500,Bacteria,Bacteroidota,Bacteroidia,Chitinophagales,Chitinophagaceae,Edaphobaculum,unidentified,BOTU_500_Edaphobaculum
BOTU_495,Bacteria,Proteobacteria,Alphaproteobacteria,Rhizobiales,Beijerinckiaceae,uncultured,uncultured_bacterium,BOTU_495_uncultured_bacterium
BOTU_498,Bacteria,Myxococcota,Myxococcia,Myxococcales,Anaeromyxobacteraceae,Anaeromyxobacter,unidentified,BOTU_498_Anaeromyxobacter
BOTU_492,Bacteria,Actinobacteriota,Acidimicrobiia,IMCC26256,IMCC26256,IMCC26256,uncultured_bacterium,BOTU_492_uncultured_bacterium
BOTU_501,Bacteria,Actinobacteriota,Thermoleophilia,Gaiellales,uncultured,uncultured,uncultured_bacterium,BOTU_501_uncultured_bacterium
BOTU_497,Bacteria,Firmicutes,Clostridia,Lachnospirales,Lachnospiraceae,uncultured_bacterium,unidentified,BOTU_497_uncultured_bacterium
BOTU_503,Bacteria,Nitrospirota,Nitrospiria,Nitrospirales,Nitrospiraceae,Nitrospira,uncultured_bacterium,BOTU_503_uncultured_bacterium
BOTU_499,Bacteria,Actinobacteriota,Actinobacteria,Corynebacteriales,Nocardiaceae,Rhodococcus,Rhodococcus_sp.,BOTU_499_Rhodococcus_sp.
BOTU_511,Archaea,Halobacterota,Halobacteria,Halobacterales,Haloferacaceae,Haloplanus,unidentified,BOTU_511_Haloplanus
BOTU_519,unidentified,unidentified,unidentified,unidentified,unidentified,unidentified,unidentified,BOTU_519_unidentified
BOTU_510,Eukaryota,Basidiomycota,Tremellomycetes,Tremellales,Bulleribasidiaceae,Vishniacozyma,unidentified,BOTU_510_Vishniacozyma
BOTU_507,Bacteria,Bacteroidota,Bacteroidia,Cytophagales,Hymenobacteraceae,Hymenobacter,unidentified,BOTU_507_Hymenobacter
BOTU_504,Bacteria,Firmicutes,Bacilli,Lactobacillales,Lactobacillaceae,Lactobacillus,Lactobacillus_amylophilus,BOTU_504_Lactobacillus_amylophilus
BOTU_508,Bacteria,Proteobacteria,Alphaproteobacteria,Acetobacterales,Acetobacteraceae,unidentified,unidentified,BOTU_508_Acetobacteraceae
BOTU_506,Bacteria,Proteobacteria,Gammaproteobacteria,Pseudomonadales,Moraxellaceae,Psychrobacter,unidentified,BOTU_506_Psychrobacter
BOTU_513,Bacteria,Cyanobacteria,Cyanobacteriia,Chloroplast,Chloroplast,Chloroplast,unidentified,BOTU_513_Chloroplast
BOTU_515,Bacteria,Deinococcota,Deinococci,Deinococcales,Trueperaceae,Truepera,unidentified,BOTU_515_Truepera
BOTU_514,Bacteria,Bdellovibrionota,Oligoflexia,0319-6G20,0319-6G20,0319-6G20,unidentified,BOTU_514_0319-6G20
BOTU_509,Bacteria,Acidobacteriota,Vicinamibacteria,Vicinamibacterales,Vicinamibacteraceae,Vicinamibacteraceae,unidentified,BOTU_509_Vicinamibacteraceae
BOTU_520,Bacteria,Acidobacteriota,Acidobacteriae,Solibacterales,Solibacteraceae,Candidatus_Solibacter,unidentified,BOTU_520_Candidatus_Solibacter
BOTU_516,Bacteria,Proteobacteria,Alphaproteobacteria,Rhizobiales,Beijerinckiaceae,Methylobacterium-Methylorubrum,unidentified,BOTU_516_Methylobacterium-Methylorubrum
BOTU_521,Bacteria,Actinobacteriota,Thermoleophilia,Gaiellales,uncultured,uncultured,unidentified,BOTU_521_uncultured
BOTU_523,Bacteria,Bacteroidota,Bacteroidia,Cytophagales,Hymenobacteraceae,Hymenobacter,unidentified,BOTU_523_Hymenobacter
BOTU_524,Bacteria,Chloroflexi,TK10,TK10,TK10,TK10,uncultured_bacterium,BOTU_524_uncultured_bacterium
BOTU_528,Bacteria,Bdellovibrionota,Oligoflexia,Oligoflexales,Oligoflexales,Oligoflexus,Thymallus_thymallus,BOTU_528_Thymallus_thymallus
BOTU_522,Bacteria,Proteobacteria,Gammaproteobacteria,Legionellales,Legionellaceae,Legionella,unidentified,BOTU_522_Legionella
BOTU_525,Bacteria,Proteobacteria,Alphaproteobacteria,Reyranellales,Reyranellaceae,Reyranella,uncultured_Alphaproteobacteria,BOTU_525_uncultured_Alphaproteobacteria
BOTU_512,Bacteria,Proteobacteria,Gammaproteobacteria,Enterobacterales,Erwiniaceae,unidentified,unidentified,BOTU_512_Erwiniaceae
BOTU_518,Bacteria,Actinobacteriota,Actinobacteria,Corynebacteriales,Mycobacteriaceae,Mycobacterium,unidentified,BOTU_518_Mycobacterium
BOTU_533,Bacteria,Abditibacteriota,Abditibacteria,Abditibacteriales,Abditibacteriaceae,Abditibacterium,uncultured_bacterium,BOTU_533_uncultured_bacterium
BOTU_530,Bacteria,Abditibacteriota,Abditibacteria,Abditibacteriales,Abditibacteriaceae,Abditibacterium,uncultured_bacterium,BOTU_530_uncultured_bacterium
BOTU_529,Bacteria,Acidobacteriota,Vicinamibacteria,Vicinamibacterales,uncultured,uncultured,unidentified,BOTU_529_uncultured
BOTU_517,Bacteria,Proteobacteria,Gammaproteobacteria,Burkholderiales,Rhodocyclaceae,Uliginosibacterium,unidentified,BOTU_517_Uliginosibacterium
BOTU_534,Bacteria,Abditibacteriota,Abditibacteria,Abditibacteriales,Abditibacteriaceae,Abditibacterium,unidentified,BOTU_534_Abditibacterium
BOTU_526,Bacteria,Proteobacteria,Gammaproteobacteria,Gammaproteobacteria_Incertae_Sedis,Unknown_Family,Acidibacter,uncultured_eubacterium,BOTU_526_uncultured_eubacterium
BOTU_532,Bacteria,Verrucomicrobiota,Verrucomicrobiae,Chthoniobacterales,Chthoniobacteraceae,Candidatus_Udaeobacter,unidentified,BOTU_532_Candidatus_Udaeobacter
BOTU_527,Bacteria,Actinobacteriota,Actinobacteria,Micrococcales,Dermacoccaceae,Dermacoccus,unidentified,BOTU_527_Dermacoccus
BOTU_536,Bacteria,Planctomycetota,Planctomycetes,Gemmatales,Gemmataceae,Gemmata,uncultured_bacterium,BOTU_536_uncultured_bacterium
BOTU_538,Bacteria,Chloroflexi,Anaerolineae,SBR1031,A4b,A4b,uncultured_bacterium,BOTU_538_uncultured_bacterium
BOTU_531,Bacteria,Proteobacteria,Alphaproteobacteria,Acetobacterales,Acetobacteraceae,unidentified,unidentified,BOTU_531_Acetobacteraceae
BOTU_543,Bacteria,Planctomycetota,Phycisphaerae,Tepidisphaerales,WD2101_soil_group,WD2101_soil_group,uncultured_bacterium,BOTU_543_uncultured_bacterium
BOTU_537,Bacteria,Cyanobacteria,Cyanobacteriia,Cyanobacteriales,Nostocaceae,unidentified,unidentified,BOTU_537_Nostocaceae
BOTU_539,Bacteria,Chloroflexi,Anaerolineae,Caldilineales,Caldilineaceae,uncultured,unidentified,BOTU_539_uncultured
BOTU_547,Bacteria,Chloroflexi,Chloroflexia,Chloroflexales,Roseiflexaceae,uncultured,unidentified,BOTU_547_uncultured
BOTU_544,Bacteria,Bacteroidota,Bacteroidia,Chitinophagales,Chitinophagaceae,Ferruginibacter,unidentified,BOTU_544_Ferruginibacter
BOTU_550,Bacteria,Planctomycetota,Phycisphaerae,Tepidisphaerales,WD2101_soil_group,WD2101_soil_group,uncultured_bacterium,BOTU_550_uncultured_bacterium
BOTU_535,Bacteria,Proteobacteria,Alphaproteobacteria,Sphingomonadales,Sphingomonadaceae,Rhizorhapis,Sphingomonas_antarctica,BOTU_535_Sphingomonas_antarctica
BOTU_541,Bacteria,Bacteroidota,Bacteroidia,Sphingobacteriales,Sphingobacteriaceae,Sphingobacterium,uncultured_bacterium,BOTU_541_uncultured_bacterium
BOTU_548,Bacteria,Bacteroidota,Bacteroidia,Cytophagales,Spirosomaceae,Spirosoma,unidentified,BOTU_548_Spirosoma
BOTU_542,Bacteria,Proteobacteria,Gammaproteobacteria,Legionellales,Legionellaceae,Legionella,unidentified,BOTU_542_Legionella
BOTU_540,Bacteria,Firmicutes,Clostridia,Lachnospirales,Lachnospiraceae,Coprococcus,uncultured_bacterium,BOTU_540_uncultured_bacterium
BOTU_546,Bacteria,Proteobacteria,Alphaproteobacteria,Acetobacterales,Acetobacteraceae,uncultured,unidentified,BOTU_546_uncultured
BOTU_551,Bacteria,Bacteroidota,Bacteroidia,Cytophagales,Hymenobacteraceae,Hymenobacter,uncultured_bacterium,BOTU_551_uncultured_bacterium
BOTU_552,Bacteria,Bacteroidota,Bacteroidia,Flavobacteriales,Weeksellaceae,Chryseobacterium,Chryseobacterium_indologenes,BOTU_552_Chryseobacterium_indologenes
BOTU_554,Bacteria,Verrucomicrobiota,Kiritimatiellae,WCHB1-41,WCHB1-41,WCHB1-41,unidentified,BOTU_554_WCHB1-41
BOTU_558,Bacteria,Proteobacteria,Gammaproteobacteria,Diplorickettsiales,Diplorickettsiaceae,uncultured,unidentified,BOTU_558_uncultured
BOTU_545,Bacteria,Firmicutes,Bacilli,Paenibacillales,Paenibacillaceae,Paenibacillus,Paenibacillus_darwinianus,BOTU_545_Paenibacillus_darwinianus
BOTU_553,Bacteria,Firmicutes,Bacilli,Alicyclobacillales,Alicyclobacillaceae,Tumebacillus,uncultured_bacterium,BOTU_553_uncultured_bacterium
BOTU_555,Bacteria,Bacteroidota,Bacteroidia,Chitinophagales,Chitinophagaceae,unidentified,unidentified,BOTU_555_Chitinophagaceae
BOTU_549,Bacteria,Proteobacteria,Gammaproteobacteria,Cellvibrionales,Cellvibrionaceae,Cellvibrio,unidentified,BOTU_549_Cellvibrio
BOTU_559,Bacteria,Acidobacteriota,Blastocatellia,Blastocatellales,Blastocatellaceae,JGI_0001001-H03,unidentified,BOTU_559_JGI_0001001-H03
BOTU_561,Bacteria,Bacteroidota,Bacteroidia,Cytophagales,Hymenobacteraceae,Hymenobacter,uncultured_bacterium,BOTU_561_uncultured_bacterium
BOTU_564,Bacteria,Proteobacteria,Alphaproteobacteria,Rhodospirillales,uncultured,uncultured,unidentified,BOTU_564_uncultured
BOTU_556,Bacteria,Actinobacteriota,Actinobacteria,Micrococcales,Promicromonosporaceae,Cellulosimicrobium,unidentified,BOTU_556_Cellulosimicrobium
BOTU_560,Bacteria,Acidobacteriota,Blastocatellia,DS-100,DS-100,DS-100,uncultured_Acidobacteria,BOTU_560_uncultured_Acidobacteria
BOTU_572,unidentified,unidentified,unidentified,unidentified,unidentified,unidentified,unidentified,BOTU_572_unidentified
BOTU_568,Bacteria,Chloroflexi,Chloroflexia,Thermomicrobiales,JG30-KF-CM45,JG30-KF-CM45,uncultured_bacterium,BOTU_568_uncultured_bacterium
BOTU_567,Bacteria,Bacteroidota,Bacteroidia,Cytophagales,Spirosomaceae,Spirosoma,unidentified,BOTU_567_Spirosoma
BOTU_557,Bacteria,Firmicutes,Clostridia,Oscillospirales,Oscillospiraceae,UCG-005,uncultured_bacterium,BOTU_557_uncultured_bacterium
BOTU_574,Bacteria,Abditibacteriota,Abditibacteria,Abditibacteriales,Abditibacteriaceae,Abditibacterium,unidentified,BOTU_574_Abditibacterium
BOTU_569,Bacteria,Bacteroidota,Bacteroidia,Flavobacteriales,Flavobacteriaceae,Flavobacterium,Flavobacterium_johnsoniae,BOTU_569_Flavobacterium_johnsoniae
BOTU_562,Bacteria,Proteobacteria,Alphaproteobacteria,Rhizobiales,Xanthobacteraceae,uncultured_bacterium,unidentified,BOTU_562_uncultured_bacterium
BOTU_571,Bacteria,Gemmatimonadota,Gemmatimonadetes,Gemmatimonadales,Gemmatimonadaceae,uncultured,unidentified,BOTU_571_uncultured
BOTU_575,Bacteria,Deinococcota,Deinococci,Deinococcales,Deinococcaceae,Deinococcus,Deinococcus_misasensis,BOTU_575_Deinococcus_misasensis
BOTU_566,Bacteria,Proteobacteria,Alphaproteobacteria,Sphingomonadales,Sphingomonadaceae,Sphingomonas,unidentified,BOTU_566_Sphingomonas
BOTU_563,Bacteria,Firmicutes,Bacilli,Bacillales,Bacillaceae,Geobacillus,unidentified,BOTU_563_Geobacillus
BOTU_565,Bacteria,Actinobacteriota,Actinobacteria,Propionibacteriales,Nocardioidaceae,Nocardioides,uncultured_bacterium,BOTU_565_uncultured_bacterium
BOTU_570,Bacteria,Proteobacteria,Alphaproteobacteria,Azospirillales,Inquilinaceae,Inquilinus,unidentified,BOTU_570_Inquilinus
BOTU_573,Bacteria,Proteobacteria,Gammaproteobacteria,Xanthomonadales,Xanthomonadaceae,Stenotrophomonas,Stenotrophomonas_sp.,BOTU_573_Stenotrophomonas_sp.
BOTU_586,unidentified,unidentified,unidentified,unidentified,unidentified,unidentified,unidentified,BOTU_586_unidentified
BOTU_582,Bacteria,Bacteroidota,Bacteroidia,Cytophagales,Hymenobacteraceae,Hymenobacter,unidentified,BOTU_582_Hymenobacter
BOTU_581,Bacteria,Actinobacteriota,Thermoleophilia,Gaiellales,uncultured,uncultured,uncultured_bacterium,BOTU_581_uncultured_bacterium
BOTU_577,Bacteria,Proteobacteria,Alphaproteobacteria,Rhizobiales,Beijerinckiaceae,Methylobacterium-Methylorubrum,unidentified,BOTU_577_Methylobacterium-Methylorubrum
BOTU_585,Bacteria,Chloroflexi,TK10,TK10,TK10,TK10,uncultured_bacterium,BOTU_585_uncultured_bacterium
BOTU_576,Bacteria,Proteobacteria,Alphaproteobacteria,Rhizobiales,Devosiaceae,Devosia,unidentified,BOTU_576_Devosia
BOTU_588,Bacteria,Planctomycetota,Planctomycetes,Pirellulales,Pirellulaceae,uncultured,uncultured_bacterium,BOTU_588_uncultured_bacterium
BOTU_580,Bacteria,Acidobacteriota,Holophagae,Subgroup_7,Subgroup_7,Subgroup_7,uncultured_bacterium,BOTU_580_uncultured_bacterium
BOTU_592,Bacteria,Deinococcota,Deinococci,Deinococcales,Deinococcaceae,Deinococcus,uncultured_bacterium,BOTU_592_uncultured_bacterium
BOTU_589,Bacteria,Acidobacteriota,Blastocatellia,Blastocatellales,Blastocatellaceae,Blastocatella,uncultured_bacterium,BOTU_589_uncultured_bacterium
BOTU_579,Bacteria,Actinobacteriota,Actinobacteria,Kineosporiales,Kineosporiaceae,unidentified,unidentified,BOTU_579_Kineosporiaceae
BOTU_578,Bacteria,Proteobacteria,Alphaproteobacteria,Rhizobiales,Rhizobiaceae,Ochrobactrum,Brucella_sp.,BOTU_578_Brucella_sp.
BOTU_587,Bacteria,Actinobacteriota,Actinobacteria,Propionibacteriales,Propionibacteriaceae,Cutibacterium,uncultured_bacterium,BOTU_587_uncultured_bacterium
BOTU_593,Bacteria,Bacteroidota,Bacteroidia,Chitinophagales,Chitinophagaceae,Cnuella,uncultured_bacterium,BOTU_593_uncultured_bacterium
BOTU_591,Bacteria,Myxococcota,Polyangia,Polyangiales,Polyangiaceae,unidentified,unidentified,BOTU_591_Polyangiaceae
BOTU_583,Bacteria,Proteobacteria,Gammaproteobacteria,Enterobacterales,Morganellaceae,Arsenophonus,unidentified,BOTU_583_Arsenophonus
BOTU_584,Bacteria,Firmicutes,Clostridia,Oscillospirales,Oscillospiraceae,UCG-005,uncultured_bacterium,BOTU_584_uncultured_bacterium
BOTU_596,Bacteria,Bacteroidota,Bacteroidia,Cytophagales,Spirosomaceae,Spirosoma,unidentified,BOTU_596_Spirosoma
BOTU_590,Bacteria,Proteobacteria,Gammaproteobacteria,Vibrionales,Vibrionaceae,Photobacterium,Photobacterium_sp.,BOTU_590_Photobacterium_sp.
BOTU_599,Bacteria,Planctomycetota,Planctomycetes,Isosphaerales,Isosphaeraceae,Tundrisphaera,uncultured_bacterium,BOTU_599_uncultured_bacterium
BOTU_595,Bacteria,Actinobacteriota,Thermoleophilia,Gaiellales,Gaiellaceae,Gaiella,uncultured_bacterium,BOTU_595_uncultured_bacterium
BOTU_594,Bacteria,Actinobacteriota,Actinobacteria,Frankiales,Acidothermaceae,Acidothermus,uncultured_bacterium,BOTU_594_uncultured_bacterium
BOTU_597,Bacteria,Acidobacteriota,Acidobacteriae,Bryobacterales,Bryobacteraceae,Bryobacter,unidentified,BOTU_597_Bryobacter
BOTU_600,Bacteria,Bacteroidota,Bacteroidia,Chitinophagales,Chitinophagaceae,Segetibacter,uncultured_bacterium,BOTU_600_uncultured_bacterium
BOTU_603,Bacteria,Bacteroidota,Bacteroidia,Bacteroidales,Bacteroidaceae,Bacteroides,uncultured_bacterium,BOTU_603_uncultured_bacterium
BOTU_602,Bacteria,Armatimonadota,Chthonomonadetes,Chthonomonadales,Chthonomonadaceae,Chthonomonas,unidentified,BOTU_602_Chthonomonas
BOTU_598,Bacteria,Actinobacteriota,Actinobacteria,Actinomycetales,Actinomycetaceae,Mobiluncus,Mobiluncus_curtisii,BOTU_598_Mobiluncus_curtisii
BOTU_601,Bacteria,Proteobacteria,Alphaproteobacteria,unidentified,unidentified,unidentified,unidentified,BOTU_601_Alphaproteobacteria
BOTU_604,Bacteria,Myxococcota,Myxococcia,Myxococcales,uncultured_bacterium,unidentified,unidentified,BOTU_604_uncultured_bacterium
BOTU_608,Bacteria,Planctomycetota,Planctomycetes,Gemmatales,Gemmataceae,Gemmata,uncultured_bacterium,BOTU_608_uncultured_bacterium
BOTU_609,Bacteria,Acidobacteriota,Blastocatellia,Pyrinomonadales,Pyrinomonadaceae,RB41,unidentified,BOTU_609_RB41
BOTU_607,Bacteria,Acidobacteriota,Acidobacteriae,Bryobacterales,Bryobacteraceae,Bryobacter,uncultured_soil,BOTU_607_uncultured_soil
BOTU_618,Archaea,Nanoarchaeota,Nanoarchaeia,Woesearchaeales,Woesearchaeales,Woesearchaeales,uncultured_euryarchaeote,BOTU_618_uncultured_euryarchaeote
BOTU_611,Bacteria,Bacteroidota,Bacteroidia,Chitinophagales,Chitinophagaceae,Edaphobaculum,uncultured_bacterium,BOTU_611_uncultured_bacterium
BOTU_612,Bacteria,Actinobacteriota,Thermoleophilia,Gaiellales,uncultured,uncultured,uncultured_bacterium,BOTU_612_uncultured_bacterium
BOTU_606,Bacteria,Firmicutes,Bacilli,Bacillales,Bacillaceae,uncultured,uncultured_bacterium,BOTU_606_uncultured_bacterium
BOTU_613,Bacteria,Actinobacteriota,Rubrobacteria,Rubrobacterales,Rubrobacteriaceae,Rubrobacter,Rubrobacter_naiadicus,BOTU_613_Rubrobacter_naiadicus
BOTU_605,Bacteria,Actinobacteriota,Actinobacteria,Pseudonocardiales,Pseudonocardiaceae,Lechevalieria,unidentified,BOTU_605_Lechevalieria
BOTU_610,Bacteria,Proteobacteria,Alphaproteobacteria,Rhizobiales,Rhizobiaceae,Allorhizobium-Neorhizobium-Pararhizobium-Rhizobium,unidentified,BOTU_610_Allorhizobium-Neorhizobium-Pararhizobium-Rhizobium
BOTU_623,Bacteria,Bacteroidota,Bacteroidia,Flavobacteriales,Flavobacteriaceae,Flavobacterium,unidentified,BOTU_623_Flavobacterium
BOTU_616,Bacteria,Firmicutes,Bacilli,Thermoactinomycetales,Thermoactinomycetaceae,Laceyella,unidentified,BOTU_616_Laceyella
BOTU_619,Bacteria,Firmicutes,Bacilli,Alicyclobacillales,Alicyclobacillaceae,Tumebacillus,uncultured_bacterium,BOTU_619_uncultured_bacterium
BOTU_615,Bacteria,Proteobacteria,Gammaproteobacteria,Pseudomonadales,Pseudomonadaceae,Pseudomonas,unidentified,BOTU_615_Pseudomonas
BOTU_622,Bacteria,Chloroflexi,KD4-96,KD4-96,KD4-96,KD4-96,uncultured_Anaerolineaceae,BOTU_622_uncultured_Anaerolineaceae
BOTU_617,Bacteria,Actinobacteriota,Actinobacteria,Micromonosporales,Micromonosporaceae,unidentified,unidentified,BOTU_617_Micromonosporaceae
BOTU_614,Bacteria,Firmicutes,Bacilli,Staphylococcales,Gemellaceae,Gemella,unidentified,BOTU_614_Gemella
BOTU_621,Bacteria,Actinobacteriota,Actinobacteria,Propionibacteriales,Nocardioidaceae,Nocardioides,unidentified,BOTU_621_Nocardioides
BOTU_631,Bacteria,Bdellovibrionota,Oligoflexia,Oligoflexales,Oligoflexales,Oligoflexus,unidentified,BOTU_631_Oligoflexus
BOTU_620,Bacteria,Proteobacteria,Gammaproteobacteria,Burkholderiales,Procabacteriaceae,Procabacter,Candidatus_Procabacter,BOTU_620_Candidatus_Procabacter
BOTU_630,Bacteria,Bacteroidota,Bacteroidia,Cytophagales,Hymenobacteraceae,Hymenobacter,uncultured_bacterium,BOTU_630_uncultured_bacterium
BOTU_629,Bacteria,Chloroflexi,TK10,TK10,TK10,TK10,unidentified,BOTU_629_TK10
BOTU_624,Bacteria,Actinobacteriota,Actinobacteria,Propionibacteriales,Nocardioidaceae,unidentified,unidentified,BOTU_624_Nocardioidaceae
BOTU_628,Bacteria,Actinobacteriota,Actinobacteria,Actinomycetales,Actinomycetaceae,Actinomyces,Schaalia_radingae,BOTU_628_Schaalia_radingae
BOTU_625,Bacteria,Firmicutes,Bacilli,Paenibacillales,Paenibacillaceae,Paenibacillus,unidentified,BOTU_625_Paenibacillus
BOTU_627,Bacteria,Proteobacteria,Gammaproteobacteria,Burkholderiales,Sutterellaceae,Sutterella,uncultured_bacterium,BOTU_627_uncultured_bacterium
BOTU_633,Bacteria,Proteobacteria,Alphaproteobacteria,Rickettsiales,SM2D12,SM2D12,uncultured_bacterium,BOTU_633_uncultured_bacterium
BOTU_626,Bacteria,Proteobacteria,Alphaproteobacteria,Elsterales,uncultured,uncultured,unidentified,BOTU_626_uncultured
BOTU_634,Bacteria,Actinobacteriota,Thermoleophilia,Gaiellales,uncultured,uncultured,uncultured_bacterium,BOTU_634_uncultured_bacterium
BOTU_632,Bacteria,Firmicutes,Bacilli,Paenibacillales,Paenibacillaceae,Saccharibacillus,unidentified,BOTU_632_Saccharibacillus
BOTU_637,Bacteria,Bacteroidota,Bacteroidia,Flavobacteriales,Weeksellaceae,Empedobacter,Empedobacter_falsenii,BOTU_637_Empedobacter_falsenii
BOTU_635,Bacteria,Proteobacteria,Alphaproteobacteria,Rhizobiales,Xanthobacteraceae,Rhodopseudomonas,alpha_proteobacterium,BOTU_635_alpha_proteobacterium
BOTU_640,Bacteria,Proteobacteria,Alphaproteobacteria,Tistrellales,Geminicoccaceae,unidentified,unidentified,BOTU_640_Geminicoccaceae
BOTU_638,Bacteria,Proteobacteria,Alphaproteobacteria,Acetobacterales,Acetobacteraceae,unidentified,unidentified,BOTU_638_Acetobacteraceae
BOTU_636,Bacteria,Proteobacteria,Gammaproteobacteria,Burkholderiales,Nitrosomonadaceae,Ellin6067,unidentified,BOTU_636_Ellin6067
BOTU_644,Bacteria,Acidobacteriota,Vicinamibacteria,Vicinamibacterales,Vicinamibacteraceae,unidentified,unidentified,BOTU_644_Vicinamibacteraceae
BOTU_645,Bacteria,Actinobacteriota,Thermoleophilia,Solirubrobacterales,Solirubrobacteraceae,Solirubrobacter,uncultured_bacterium,BOTU_645_uncultured_bacterium
BOTU_651,Bacteria,Verrucomicrobiota,Verrucomicrobiae,Chthoniobacterales,Chthoniobacteraceae,LD29,uncultured_bacterium,BOTU_651_uncultured_bacterium
BOTU_652,Bacteria,Deinococcota,Deinococci,Deinococcales,Deinococcaceae,Deinococcus,Deinococcus_actinosclerus,BOTU_652_Deinococcus_actinosclerus
BOTU_639,Bacteria,Actinobacteriota,Actinobacteria,Micromonosporales,Micromonosporaceae,Actinoplanes,unidentified,BOTU_639_Actinoplanes
BOTU_642,Bacteria,Firmicutes,Clostridia,Clostridiales,Clostridiaceae,Clostridium_sensu_stricto_5,Clostridium_sp.,BOTU_642_Clostridium_sp.
BOTU_646,Bacteria,Proteobacteria,Gammaproteobacteria,Burkholderiales,Neisseriaceae,uncultured,uncultured_beta,BOTU_646_uncultured_beta
BOTU_641,Bacteria,Proteobacteria,Alphaproteobacteria,Rhizobiales,Hyphomicrobiaceae,Hyphomicrobium,unidentified,BOTU_641_Hyphomicrobium
BOTU_650,Bacteria,Acidobacteriota,Acidobacteriae,Acidobacteriales,uncultured,uncultured,uncultured_Acidobacteria,BOTU_650_uncultured_Acidobacteria
BOTU_654,Bacteria,Planctomycetota,Planctomycetes,Gemmatales,Gemmataceae,uncultured,uncultured_bacterium,BOTU_654_uncultured_bacterium
BOTU_643,Bacteria,Proteobacteria,Gammaproteobacteria,Burkholderiales,Nitrosomonadaceae,Nitrosospira,unidentified,BOTU_643_Nitrosospira
BOTU_648,Bacteria,Proteobacteria,Gammaproteobacteria,Burkholderiales,SC-I-84,SC-I-84,uncultured_bacterium,BOTU_648_uncultured_bacterium
BOTU_649,Bacteria,Proteobacteria,Alphaproteobacteria,Rhizobiales,Xanthobacteraceae,uncultured,Afipia_sp.,BOTU_649_Afipia_sp.
BOTU_647,Bacteria,Proteobacteria,Alphaproteobacteria,uncultured,uncultured,uncultured,uncultured_bacterium,BOTU_647_uncultured_bacterium
BOTU_658,Bacteria,Planctomycetota,Phycisphaerae,Tepidisphaerales,WD2101_soil_group,WD2101_soil_group,uncultured_bacterium,BOTU_658_uncultured_bacterium
BOTU_663,unidentified,unidentified,unidentified,unidentified,unidentified,unidentified,unidentified,BOTU_663_unidentified
BOTU_659,Bacteria,Chloroflexi,Chloroflexia,Chloroflexales,Roseiflexaceae,uncultured,uncultured_bacterium,BOTU_659_uncultured_bacterium
BOTU_657,Bacteria,Myxococcota,Polyangia,Polyangiales,Sandaracinaceae,uncultured,uncultured_bacterium,BOTU_657_uncultured_bacterium
BOTU_656,Bacteria,Actinobacteriota,Thermoleophilia,Solirubrobacterales,67-14,67-14,uncultured_bacterium,BOTU_656_uncultured_bacterium
BOTU_653,Bacteria,Firmicutes,Bacilli,Paenibacillales,Paenibacillaceae,unidentified,unidentified,BOTU_653_Paenibacillaceae
BOTU_655,Bacteria,Actinobacteriota,Actinobacteria,Frankiales,Acidothermaceae,Acidothermus,uncultured_bacterium,BOTU_655_uncultured_bacterium
BOTU_664,Bacteria,Verrucomicrobiota,Chlamydiae,Chlamydiales,unidentified,unidentified,unidentified,BOTU_664_Chlamydiales
BOTU_661,Bacteria,Actinobacteriota,Thermoleophilia,Gaiellales,uncultured,uncultured,unidentified,BOTU_661_uncultured
BOTU_668,Bacteria,Planctomycetota,Planctomycetes,Gemmatales,Gemmataceae,uncultured,unidentified,BOTU_668_uncultured
BOTU_662,Bacteria,Armatimonadota,Fimbriimonadia,Fimbriimonadales,Fimbriimonadaceae,Fimbriimonadaceae,unidentified,BOTU_662_Fimbriimonadaceae
BOTU_667,Bacteria,Gemmatimonadota,Gemmatimonadetes,Gemmatimonadales,Gemmatimonadaceae,uncultured,uncultured_bacterium,BOTU_667_uncultured_bacterium
BOTU_670,Bacteria,Bacteroidota,Bacteroidia,Cytophagales,Spirosomaceae,unidentified,unidentified,BOTU_670_Spirosomaceae
BOTU_673,Bacteria,Chloroflexi,Chloroflexia,Chloroflexales,Chloroflexaceae,unidentified,unidentified,BOTU_673_Chloroflexaceae
BOTU_666,Bacteria,Bacteroidota,Bacteroidia,Chitinophagales,Chitinophagaceae,Cnuella,uncultured_bacterium,BOTU_666_uncultured_bacterium
BOTU_677,unidentified,unidentified,unidentified,unidentified,unidentified,unidentified,unidentified,BOTU_677_unidentified
BOTU_674,Bacteria,Bacteroidota,Bacteroidia,Cytophagales,Spirosomaceae,Spirosoma,uncultured_bacterium,BOTU_674_uncultured_bacterium
BOTU_660,Bacteria,Proteobacteria,Gammaproteobacteria,Burkholderiales,Methylophilaceae,unidentified,unidentified,BOTU_660_Methylophilaceae
BOTU_671,Bacteria,Chloroflexi,TK10,TK10,TK10,TK10,bacterium_Ellin6543,BOTU_671_bacterium_Ellin6543
BOTU_665,Bacteria,Actinobacteriota,Actinobacteria,Pseudonocardiales,Pseudonocardiaceae,Pseudonocardia,Pseudonocardia_sp.,BOTU_665_Pseudonocardia_sp.
BOTU_682,unidentified,unidentified,unidentified,unidentified,unidentified,unidentified,unidentified,BOTU_682_unidentified
BOTU_685,unidentified,unidentified,unidentified,unidentified,unidentified,unidentified,unidentified,BOTU_685_unidentified
BOTU_686,unidentified,unidentified,unidentified,unidentified,unidentified,unidentified,unidentified,BOTU_686_unidentified
BOTU_678,Bacteria,unidentified,unidentified,unidentified,unidentified,unidentified,unidentified,BOTU_678_Bacteria
BOTU_669,Bacteria,Proteobacteria,Alphaproteobacteria,Sphingomonadales,Sphingomonadaceae,Sphingomonas,Sphingomonadaceae_bacterium,BOTU_669_Sphingomonadaceae_bacterium
BOTU_672,Bacteria,Firmicutes,Clostridia,Monoglobales,Monoglobaceae,Monoglobus,uncultured_bacterium,BOTU_672_uncultured_bacterium
BOTU_675,Bacteria,Proteobacteria,Alphaproteobacteria,Elsterales,Elsteraceae,uncultured,uncultured_bacterium,BOTU_675_uncultured_bacterium
BOTU_676,Bacteria,Proteobacteria,Gammaproteobacteria,Legionellales,Legionellaceae,Legionella,unidentified,BOTU_676_Legionella
BOTU_680,Bacteria,Nitrospirota,Nitrospiria,Nitrospirales,Nitrospiraceae,Nitrospira,unidentified,BOTU_680_Nitrospira
BOTU_684,Bacteria,Deinococcota,Deinococci,Thermales,Thermaceae,Thermus,Thermus_thermophilus,BOTU_684_Thermus_thermophilus
BOTU_689,Bacteria,Chloroflexi,Chloroflexia,Chloroflexales,Chloroflexaceae,Chloronema,uncultured_bacterium,BOTU_689_uncultured_bacterium
BOTU_683,Bacteria,Bacteroidota,Bacteroidia,Chitinophagales,Chitinophagaceae,Terrimonas,uncultured_bacterium,BOTU_683_uncultured_bacterium
BOTU_688,Bacteria,Bacteroidota,Bacteroidia,Flavobacteriales,Flavobacteriaceae,Flavobacterium,Flavobacterium_sp.,BOTU_688_Flavobacterium_sp.
BOTU_698,unidentified,unidentified,unidentified,unidentified,unidentified,unidentified,unidentified,BOTU_698_unidentified
BOTU_691,Bacteria,Proteobacteria,Alphaproteobacteria,Rickettsiales,Rickettsiales,Candidatus_Jidaibacter,uncultured_Acanthamoeba,BOTU_691_uncultured_Acanthamoeba
BOTU_681,Bacteria,Firmicutes,Clostridia,Oscillospirales,[Eubacterium]_coprostanoligenes_group,[Eubacterium]_coprostanoligenes_group,uncultured_bacterium,BOTU_681_uncultured_bacterium
BOTU_687,Bacteria,Bacteroidota,Bacteroidia,Sphingobacteriales,Sphingobacteriaceae,Pedobacter,unidentified,BOTU_687_Pedobacter
BOTU_694,Bacteria,Chloroflexi,Chloroflexia,Thermomicrobiales,JG30-KF-CM45,JG30-KF-CM45,unidentified,BOTU_694_JG30-KF-CM45
BOTU_679,Bacteria,Proteobacteria,Alphaproteobacteria,Elsterales,uncultured,uncultured,unidentified,BOTU_679_uncultured
BOTU_692,Bacteria,Bacteroidota,Bacteroidia,Flavobacteriales,Flavobacteriaceae,Flavobacterium,unidentified,BOTU_692_Flavobacterium
BOTU_695,Bacteria,Proteobacteria,Alphaproteobacteria,Rickettsiales,Rickettsiales,Candidatus_Midichloria,unidentified,BOTU_695_Candidatus_Midichloria
BOTU_690,Bacteria,Proteobacteria,Alphaproteobacteria,Caulobacterales,Caulobacteraceae,Caulobacter,unidentified,BOTU_690_Caulobacter
BOTU_696,Bacteria,Bacteroidota,Bacteroidia,Cytophagales,Hymenobacteraceae,Adhaeribacter,unidentified,BOTU_696_Adhaeribacter
BOTU_699,Bacteria,Chloroflexi,Gitt-GS-136,Gitt-GS-136,Gitt-GS-136,Gitt-GS-136,uncultured_bacterium,BOTU_699_uncultured_bacterium
BOTU_711,Bacteria,Patescibacteria,ABY1,Candidatus_Magasanikbacteria,Candidatus_Magasanikbacteria,Candidatus_Magasanikbacteria,uncultured_bacterium,BOTU_711_uncultured_bacterium
BOTU_697,Bacteria,Proteobacteria,Alphaproteobacteria,Sphingomonadales,Sphingomonadaceae,unidentified,unidentified,BOTU_697_Sphingomonadaceae
BOTU_693,Bacteria,Proteobacteria,Alphaproteobacteria,Caulobacterales,Caulobacteraceae,unidentified,unidentified,BOTU_693_Caulobacteraceae
BOTU_701,Bacteria,Myxococcota,Myxococcia,Myxococcales,Myxococcaceae,P3OB-42,uncultured_bacterium,BOTU_701_uncultured_bacterium
BOTU_702,Bacteria,Acidobacteriota,Vicinamibacteria,Vicinamibacterales,uncultured,uncultured,unidentified,BOTU_702_uncultured
BOTU_704,Bacteria,Bacteroidota,Bacteroidia,Chitinophagales,Chitinophagaceae,unidentified,unidentified,BOTU_704_Chitinophagaceae
BOTU_703,Bacteria,Bacteroidota,Bacteroidia,Flavobacteriales,Weeksellaceae,Chryseobacterium,Chryseobacterium_sp.,BOTU_703_Chryseobacterium_sp.
BOTU_712,Bacteria,Chloroflexi,TK10,TK10,TK10,TK10,uncultured_Chloroflexi,BOTU_712_uncultured_Chloroflexi
BOTU_706,Bacteria,Myxococcota,Polyangia,Polyangiales,Polyangiaceae,Pajaroellobacter,unidentified,BOTU_706_Pajaroellobacter
BOTU_707,Bacteria,Bacteroidota,Bacteroidia,Chitinophagales,Chitinophagaceae,unidentified,unidentified,BOTU_707_Chitinophagaceae
BOTU_705,Bacteria,Armatimonadota,Armatimonadia,Armatimonadales,Armatimonadales,Armatimonadales,uncultured_bacterium,BOTU_705_uncultured_bacterium
BOTU_700,Bacteria,Proteobacteria,Gammaproteobacteria,Burkholderiales,SC-I-84,SC-I-84,uncultured_organism,BOTU_700_uncultured_organism
BOTU_714,Bacteria,Chloroflexi,TK10,TK10,TK10,TK10,uncultured_bacterium,BOTU_714_uncultured_bacterium
BOTU_708,Bacteria,Bacteroidota,Bacteroidia,Sphingobacteriales,Sphingobacteriaceae,Mucilaginibacter,Mucilaginibacter_ginsengisoli,BOTU_708_Mucilaginibacter_ginsengisoli
BOTU_723,unidentified,unidentified,unidentified,unidentified,unidentified,unidentified,unidentified,BOTU_723_unidentified
BOTU_710,Bacteria,Proteobacteria,Gammaproteobacteria,Burkholderiales,SC-I-84,SC-I-84,uncultured_bacterium,BOTU_710_uncultured_bacterium
BOTU_717,Bacteria,Armatimonadota,Armatimonadia,Armatimonadales,Armatimonadales,Armatimonadales,uncultured_bacterium,BOTU_717_uncultured_bacterium
BOTU_709,Bacteria,Proteobacteria,Alphaproteobacteria,Sphingomonadales,Sphingomonadaceae,unidentified,unidentified,BOTU_709_Sphingomonadaceae
BOTU_728,unidentified,unidentified,unidentified,unidentified,unidentified,unidentified,unidentified,BOTU_728_unidentified
BOTU_713,Bacteria,Actinobacteriota,Actinobacteria,Pseudonocardiales,Pseudonocardiaceae,Amycolatopsis,unidentified,BOTU_713_Amycolatopsis
BOTU_715,Bacteria,Proteobacteria,Alphaproteobacteria,Caulobacterales,Caulobacteraceae,Brevundimonas,unidentified,BOTU_715_Brevundimonas
BOTU_725,Bacteria,Verrucomicrobiota,Verrucomicrobiae,Chthoniobacterales,Chthoniobacteraceae,Candidatus_Udaeobacter,uncultured_bacterium,BOTU_725_uncultured_bacterium
BOTU_720,Bacteria,Actinobacteriota,Thermoleophilia,Solirubrobacterales,Solirubrobacteraceae,Conexibacter,uncultured_bacterium,BOTU_720_uncultured_bacterium
BOTU_719,Bacteria,Proteobacteria,Alphaproteobacteria,Caulobacterales,Hyphomonadaceae,SWB02,unidentified,BOTU_719_SWB02
BOTU_716,Bacteria,Firmicutes,Bacilli,Bacillales,Bacillaceae,Bacillus,unidentified,BOTU_716_Bacillus
BOTU_726,Bacteria,Actinobacteriota,Thermoleophilia,Solirubrobacterales,67-14,67-14,uncultured_bacterium,BOTU_726_uncultured_bacterium
BOTU_721,Bacteria,Actinobacteriota,Actinobacteria,Micromonosporales,Micromonosporaceae,Dactylosporangium,Dactylosporangium_tropicum,BOTU_721_Dactylosporangium_tropicum
BOTU_718,Bacteria,Proteobacteria,Alphaproteobacteria,Elsterales,uncultured,uncultured,uncultured_bacterium,BOTU_718_uncultured_bacterium
BOTU_722,Bacteria,Proteobacteria,Gammaproteobacteria,Burkholderiales,Burkholderiaceae,Ralstonia,unidentified,BOTU_722_Ralstonia
BOTU_724,Bacteria,Proteobacteria,Gammaproteobacteria,CCD24,CCD24,CCD24,uncultured_gamma,BOTU_724_uncultured_gamma
BOTU_727,Bacteria,Actinobacteriota,Actinobacteria,Streptosporangiales,Streptosporangiaceae,Nonomuraea,unidentified,BOTU_727_Nonomuraea
